Valor,,Etiqueta
region,1,Pacifico_Norte
,2,Frontera
,3,Pacifico_Centro
,4,Centro_Norte
,5,Centro
,6,Cd México
,7,EdoMéxico
,8,Pácifico_Sur
,9,Península
asexo,1,Hombre
,2,Mujer
nota014,1,Favor de conitnuar
a0101,1,SÍ.
,2,NO.
a0103,1,SÍ.
,2,NO.
a0106,1,mayor al saludable?
,2,saludable?
,3,menor al saludable?
,8,No responde.
,9,No sabe
a0107,1,Ganó peso.
,2,Perdió peso.
,3,No ha experimentado cambios en su Peso.
,4,Ganó o perdió peso porque está embarazada.
,9,No sabe.
a0109,1,SI.
,2,NO.
A0110A,1,disminuir el tamaño de las porciones?
,2,aumentar la actividad física?
,3,seguir las recomendaciones de un profesional de la salud?
,4,tomar medicamentos para perder peso?
,5,eliminar el consumo de refrescos?
,6,aumentar el consumo de vegetales y alimentos ricos en fibra
,7,realizar algún tipo de ejercicio?
,8,tomar mucha agua?
,9,Otra forma (especifica).
A0110B,1,disminuir el tamaño de las porciones?
,2,aumentar la actividad física?
,3,seguir las recomendaciones de un profesional de la salud?
,4,tomar medicamentos para perder peso?
,5,eliminar el consumo de refrescos?
,6,aumentar el consumo de vegetales y alimentos ricos en fibra
,7,realizar algún tipo de ejercicio?
,8,tomar mucha agua?
,9,Otra forma (especifica).
A0110C,1,disminuir el tamaño de las porciones?
,2,aumentar la actividad física?
,3,seguir las recomendaciones de un profesional de la salud?
,4,tomar medicamentos para perder peso?
,5,eliminar el consumo de refrescos?
,6,aumentar el consumo de vegetales y alimentos ricos en fibra
,7,realizar algún tipo de ejercicio?
,8,tomar mucha agua?
,9,Otra forma (especifica).
A0110D,1,disminuir el tamaño de las porciones?
,2,aumentar la actividad física?
,3,seguir las recomendaciones de un profesional de la salud?
,4,tomar medicamentos para perder peso?
,5,eliminar el consumo de refrescos?
,6,aumentar el consumo de vegetales y alimentos ricos en fibra
,7,realizar algún tipo de ejercicio?
,8,tomar mucha agua?
,9,Otra forma (especifica).
A0110E,1,disminuir el tamaño de las porciones?
,2,aumentar la actividad física?
,3,seguir las recomendaciones de un profesional de la salud?
,4,tomar medicamentos para perder peso?
,5,eliminar el consumo de refrescos?
,6,aumentar el consumo de vegetales y alimentos ricos en fibra
,7,realizar algún tipo de ejercicio?
,8,tomar mucha agua?
,9,Otra forma (especifica).
A0110F,1,disminuir el tamaño de las porciones?
,2,aumentar la actividad física?
,3,seguir las recomendaciones de un profesional de la salud?
,4,tomar medicamentos para perder peso?
,5,eliminar el consumo de refrescos?
,6,aumentar el consumo de vegetales y alimentos ricos en fibra
,7,realizar algún tipo de ejercicio?
,8,tomar mucha agua?
,9,Otra forma (especifica).
A0110G,1,disminuir el tamaño de las porciones?
,2,aumentar la actividad física?
,3,seguir las recomendaciones de un profesional de la salud?
,4,tomar medicamentos para perder peso?
,5,eliminar el consumo de refrescos?
,6,aumentar el consumo de vegetales y alimentos ricos en fibra
,7,realizar algún tipo de ejercicio?
,8,tomar mucha agua?
,9,Otra forma (especifica).
A0110H,1,disminuir el tamaño de las porciones?
,2,aumentar la actividad física?
,3,seguir las recomendaciones de un profesional de la salud?
,4,tomar medicamentos para perder peso?
,5,eliminar el consumo de refrescos?
,6,aumentar el consumo de vegetales y alimentos ricos en fibra
,7,realizar algún tipo de ejercicio?
,8,tomar mucha agua?
,9,Otra forma (especifica).
A0110I,1,disminuir el tamaño de las porciones?
,2,aumentar la actividad física?
,3,seguir las recomendaciones de un profesional de la salud?
,4,tomar medicamentos para perder peso?
,5,eliminar el consumo de refrescos?
,6,aumentar el consumo de vegetales y alimentos ricos en fibra
,7,realizar algún tipo de ejercicio?
,8,tomar mucha agua?
,9,Otra forma (especifica).
nota015,1,Favor de conitnuar
nota016,1,Favor de conitnuar
a0211,1,Rara vez o nunca (menos de un día).
,2,Pocas veces o alguna vez (1-2 días).
,3,Un número de veces conside-rable (3-4 dias).
,4,Todo el tiempo o la mayoría del tiempo    (5-7 días).
a0212,1,Rara vez o nunca (menos de un día).
,2,Pocas veces o alguna vez (1-2 días).
,3,Un número de veces conside-rable (3-4 dias).
,4,Todo el tiempo o la mayoría del tiempo    (5-7 días).
a0213,1,Rara vez o nunca (menos de un día).
,2,Pocas veces o alguna vez (1-2 días).
,3,Un número de veces conside-rable (3-4 dias).
,4,Todo el tiempo o la mayoría del tiempo    (5-7 días).
a0214,1,Rara vez o nunca (menos de un día).
,2,Pocas veces o alguna vez (1-2 días).
,3,Un número de veces conside-rable (3-4 dias).
,4,Todo el tiempo o la mayoría del tiempo    (5-7 días).
a0215,1,Rara vez o nunca (menos de un día).
,2,Pocas veces o alguna vez (1-2 días).
,3,Un número de veces conside-rable (3-4 dias).
,4,Todo el tiempo o la mayoría del tiempo    (5-7 días).
a0216,1,Rara vez o nunca (menos de un día).
,2,Pocas veces o alguna vez (1-2 días).
,3,Un número de veces conside-rable (3-4 dias).
,4,Todo el tiempo o la mayoría del tiempo    (5-7 días).
a0217,1,Rara vez o nunca (menos de un día).
,2,Pocas veces o alguna vez (1-2 días).
,3,Un número de veces conside-rable (3-4 dias).
,4,Todo el tiempo o la mayoría del tiempo    (5-7 días).
a0202,1,Sí
,2,No
a0203,1,Sí
,2,No
,8,No responde
a0204,1,Sí
,2,No
,8,No responde
nota017,1,Favor de conitnuar
nota018,1,Favor de conitnuar
a0301,1,SÍ.
,2,"Sí, durante el embarazo  (solo mujeres, diabetes gestacional"
,3,NO.
a0303cod,1,Ninguna.
,2,Diario.
,3,Semanal.
,4,Mensual.
,5,Anual.
a0305,1,Instituto Mexicano del Seguro Social (IMSS).
,2,ISSSTE/ISSSTE Estatal.
,3,PEMEX.
,4,Defensa.
,5,Marina.
,6,Centro de Salud u Hospital de la SSA.
,7,IMSS Bienestar (antes Oportunidades).
,8,"DIF federal, estatal o municipal."
,9,Cruz Roja/Cruz Verde.
,10,Instituto Nacional de Salud.
,11,Organizaciones (ONG/OSC) que dan atención gratuita/Dispensar
,12,Consultorios pertenecientes a farmacias/Farmacias con consul
,13,Consultorio dentro de hospital privado.
,14,Área de urgencias/hospitalización dentro de hospital privado
,15,Atención privada en torre de consultorios médicos o en una c
,16,Consultorio en domicilio particular de médico privado.
,17,Atención privada en mi domicilio.
,18,"Atención privada vía remota (teléfono, mensajes de texto, te"
,19,Médico laboral (médico de la empresa).
,20,"Curandero, hierbero, naturista."
,21,"Homeópata, partera, acupunturista."
,22,Otro (especifique).
,23,No sabe / No recuerda.
,24,Ninguna.
a0306a,1,Si.
,2,No.
,9,No Sabe/No responde.
a0306b,1,Si.
,2,No.
,9,No Sabe/No responde.
a0306c,1,Si.
,2,No.
,9,No Sabe/No responde.
a0306d,1,Si.
,2,No.
,9,No Sabe/No responde.
a0306e,1,Si.
,2,No.
,9,No Sabe/No responde.
a0306f,1,Si.
,2,No.
,9,No Sabe/No responde.
a0306g,1,Si.
,2,No.
,9,No Sabe/No responde.
a0306h,1,Si.
,2,No.
,9,No Sabe/No responde.
a0306i,1,Si.
,2,No.
,9,No Sabe/No responde.
a0306j,1,Si.
,2,No.
,9,No Sabe/No responde.
a0306k,1,Si.
,2,No.
,9,No Sabe/No responde.
a0306l,1,Si.
,2,No.
,9,No Sabe/No responde.
a0307,1,"Sí, solo insulina."
,2,"Sí, solo pastillas."
,3,"Sí, ambas."
,4,Ninguno.
a0310,1,SÍ.
,2,NO.
,8,No responde.
A0312A,1,Plan de alimentación (dieta recomendada por personal de salu
,2,Plan de ejercicio físico.
,3,Medicina alternativa.
,4,Otros.
,5,Ninguno.
A0312B,1,Plan de alimentación (dieta recomendada por personal de salu
,2,Plan de ejercicio físico.
,3,Medicina alternativa.
,4,Otros.
,5,Ninguno.
A0312C,1,Plan de alimentación (dieta recomendada por personal de salu
,2,Plan de ejercicio físico.
,3,Medicina alternativa.
,4,Otros.
,5,Ninguno.
A0312D,1,Plan de alimentación (dieta recomendada por personal de salu
,2,Plan de ejercicio físico.
,3,Medicina alternativa.
,4,Otros.
,5,Ninguno.
a0313,1,Sí.
,2,No.
,9,No sabe.
a0314,1,Se le olvidó tomar los medicamentos.
,2,Consideró que no lo necesitaba.
,3,Tuvo miedo a la hipoglucemia.
,4,Tuvo temor sobre la seguridad del medicamento.
,5,No le surtieron los medicamentos en la unidad  Médica.
,6,No encontró el medicamento en la farmacia.
,7,No tuvo dinero para comprarlo(s).
,8,Otro.
A0315A,1,Revisión de la vista.
,2,Toma una aspirina diaria.
,3,Revisión de pies.
,4,Examen general de orina.
,5,Microalbuminuria (con recolección de orina de 24 horas).
,6,Medición de la presión arterial.
,7,Aplicación de vacuna contra influenza.
,8,Aplicación de vacuna contra neumococo.
,9,Medición del colesterol y los triglicéridos.
,10,Toma un medicamento para disminuir la concentración de coles
,11,Toma un medicamento para el control de su presión arterial (
,12,Dejó de fumar.
,13,Revisión dental.
,14,Recibió educación sobre su enfermedad.
,15,Electrocardiograma.
,16,Evita calzado que pueda lesionar   sus pies.
,17,Acude a algún grupo de ayuda mutua.
,18,Otro (especifica).
,19,No realiza ninguna medida preventiva.
,20,Medición de glucosa en sangre capilar en casa.
,21,Determinación de glucosa en sangre venosa.
,22,Determinación de hemoglobina glucosilada.
A0315B,1,Revisión de la vista.
,2,Toma una aspirina diaria.
,3,Revisión de pies.
,4,Examen general de orina.
,5,Microalbuminuria (con recolección de orina de 24 horas).
,6,Medición de la presión arterial.
,7,Aplicación de vacuna contra influenza.
,8,Aplicación de vacuna contra neumococo.
,9,Medición del colesterol y los triglicéridos.
,10,Toma un medicamento para disminuir la concentración de coles
,11,Toma un medicamento para el control de su presión arterial (
,12,Dejó de fumar.
,13,Revisión dental.
,14,Recibió educación sobre su enfermedad.
,15,Electrocardiograma.
,16,Evita calzado que pueda lesionar   sus pies.
,17,Acude a algún grupo de ayuda mutua.
,18,Otro (especifica).
,19,No realiza ninguna medida preventiva.
,20,Medición de glucosa en sangre capilar en casa.
,21,Determinación de glucosa en sangre venosa.
,22,Determinación de hemoglobina glucosilada.
A0315C,1,Revisión de la vista.
,2,Toma una aspirina diaria.
,3,Revisión de pies.
,4,Examen general de orina.
,5,Microalbuminuria (con recolección de orina de 24 horas).
,6,Medición de la presión arterial.
,7,Aplicación de vacuna contra influenza.
,8,Aplicación de vacuna contra neumococo.
,9,Medición del colesterol y los triglicéridos.
,10,Toma un medicamento para disminuir la concentración de coles
,11,Toma un medicamento para el control de su presión arterial (
,12,Dejó de fumar.
,13,Revisión dental.
,14,Recibió educación sobre su enfermedad.
,15,Electrocardiograma.
,16,Evita calzado que pueda lesionar   sus pies.
,17,Acude a algún grupo de ayuda mutua.
,18,Otro (especifica).
,19,No realiza ninguna medida preventiva.
,20,Medición de glucosa en sangre capilar en casa.
,21,Determinación de glucosa en sangre venosa.
,22,Determinación de hemoglobina glucosilada.
A0315D,1,Revisión de la vista.
,2,Toma una aspirina diaria.
,3,Revisión de pies.
,4,Examen general de orina.
,5,Microalbuminuria (con recolección de orina de 24 horas).
,6,Medición de la presión arterial.
,7,Aplicación de vacuna contra influenza.
,8,Aplicación de vacuna contra neumococo.
,9,Medición del colesterol y los triglicéridos.
,10,Toma un medicamento para disminuir la concentración de coles
,11,Toma un medicamento para el control de su presión arterial (
,12,Dejó de fumar.
,13,Revisión dental.
,14,Recibió educación sobre su enfermedad.
,15,Electrocardiograma.
,16,Evita calzado que pueda lesionar   sus pies.
,17,Acude a algún grupo de ayuda mutua.
,18,Otro (especifica).
,19,No realiza ninguna medida preventiva.
,20,Medición de glucosa en sangre capilar en casa.
,21,Determinación de glucosa en sangre venosa.
,22,Determinación de hemoglobina glucosilada.
A0315E,1.0,Revisión de la vista.
,2.0,Toma una aspirina diaria.
,3.0,Revisión de pies.
,4.0,Examen general de orina.
,5.0,Microalbuminuria (con recolección de orina de 24 horas).
,6.0,Medición de la presión arterial.
,7.0,Aplicación de vacuna contra influenza.
,8.0,Aplicación de vacuna contra neumococo.
,9.0,Medición del colesterol y los triglicéridos.
,10.0,Toma un medicamento para disminuir la concentración de coles
,11.0,Toma un medicamento para el control de su presión arterial (
,12.0,Dejó de fumar.
,13.0,Revisión dental.
,14.0,Recibió educación sobre su enfermedad.
,15.0,Electrocardiograma.
,16.0,Evita calzado que pueda lesionar   sus pies.
,17.0,Acude a algún grupo de ayuda mutua.
,18.0,Otro (especifica).
,19.0,No realiza ninguna medida preventiva.
,20.0,Medición de glucosa en sangre capilar en casa.
,21.0,Determinación de glucosa en sangre venosa.
,22.0,Determinación de hemoglobina glucosilada.
A0315F,1,Revisión de la vista.
,2,Toma una aspirina diaria.
,3,Revisión de pies.
,4,Examen general de orina.
,5,Microalbuminuria (con recolección de orina de 24 horas).
,6,Medición de la presión arterial.
,7,Aplicación de vacuna contra influenza.
,8,Aplicación de vacuna contra neumococo.
,9,Medición del colesterol y los triglicéridos.
,10,Toma un medicamento para disminuir la concentración de coles
,11,Toma un medicamento para el control de su presión arterial (
,12,Dejó de fumar.
,13,Revisión dental.
,14,Recibió educación sobre su enfermedad.
,15,Electrocardiograma.
,16,Evita calzado que pueda lesionar   sus pies.
,17,Acude a algún grupo de ayuda mutua.
,18,Otro (especifica).
,19,No realiza ninguna medida preventiva.
,20,Medición de glucosa en sangre capilar en casa.
,21,Determinación de glucosa en sangre venosa.
,22,Determinación de hemoglobina glucosilada.
A0315G,1,Revisión de la vista.
,2,Toma una aspirina diaria.
,3,Revisión de pies.
,4,Examen general de orina.
,5,Microalbuminuria (con recolección de orina de 24 horas).
,6,Medición de la presión arterial.
,7,Aplicación de vacuna contra influenza.
,8,Aplicación de vacuna contra neumococo.
,9,Medición del colesterol y los triglicéridos.
,10,Toma un medicamento para disminuir la concentración de coles
,11,Toma un medicamento para el control de su presión arterial (
,12,Dejó de fumar.
,13,Revisión dental.
,14,Recibió educación sobre su enfermedad.
,15,Electrocardiograma.
,16,Evita calzado que pueda lesionar   sus pies.
,17,Acude a algún grupo de ayuda mutua.
,18,Otro (especifica).
,19,No realiza ninguna medida preventiva.
,20,Medición de glucosa en sangre capilar en casa.
,21,Determinación de glucosa en sangre venosa.
,22,Determinación de hemoglobina glucosilada.
A0315H,1,Revisión de la vista.
,2,Toma una aspirina diaria.
,3,Revisión de pies.
,4,Examen general de orina.
,5,Microalbuminuria (con recolección de orina de 24 horas).
,6,Medición de la presión arterial.
,7,Aplicación de vacuna contra influenza.
,8,Aplicación de vacuna contra neumococo.
,9,Medición del colesterol y los triglicéridos.
,10,Toma un medicamento para disminuir la concentración de coles
,11,Toma un medicamento para el control de su presión arterial (
,12,Dejó de fumar.
,13,Revisión dental.
,14,Recibió educación sobre su enfermedad.
,15,Electrocardiograma.
,16,Evita calzado que pueda lesionar   sus pies.
,17,Acude a algún grupo de ayuda mutua.
,18,Otro (especifica).
,19,No realiza ninguna medida preventiva.
,20,Medición de glucosa en sangre capilar en casa.
,21,Determinación de glucosa en sangre venosa.
,22,Determinación de hemoglobina glucosilada.
A0315I,1,Revisión de la vista.
,2,Toma una aspirina diaria.
,3,Revisión de pies.
,4,Examen general de orina.
,5,Microalbuminuria (con recolección de orina de 24 horas).
,6,Medición de la presión arterial.
,7,Aplicación de vacuna contra influenza.
,8,Aplicación de vacuna contra neumococo.
,9,Medición del colesterol y los triglicéridos.
,10,Toma un medicamento para disminuir la concentración de coles
,11,Toma un medicamento para el control de su presión arterial (
,12,Dejó de fumar.
,13,Revisión dental.
,14,Recibió educación sobre su enfermedad.
,15,Electrocardiograma.
,16,Evita calzado que pueda lesionar   sus pies.
,17,Acude a algún grupo de ayuda mutua.
,18,Otro (especifica).
,19,No realiza ninguna medida preventiva.
,20,Medición de glucosa en sangre capilar en casa.
,21,Determinación de glucosa en sangre venosa.
,22,Determinación de hemoglobina glucosilada.
A0315J,1,Revisión de la vista.
,2,Toma una aspirina diaria.
,3,Revisión de pies.
,4,Examen general de orina.
,5,Microalbuminuria (con recolección de orina de 24 horas).
,6,Medición de la presión arterial.
,7,Aplicación de vacuna contra influenza.
,8,Aplicación de vacuna contra neumococo.
,9,Medición del colesterol y los triglicéridos.
,10,Toma un medicamento para disminuir la concentración de coles
,11,Toma un medicamento para el control de su presión arterial (
,12,Dejó de fumar.
,13,Revisión dental.
,14,Recibió educación sobre su enfermedad.
,15,Electrocardiograma.
,16,Evita calzado que pueda lesionar   sus pies.
,17,Acude a algún grupo de ayuda mutua.
,18,Otro (especifica).
,19,No realiza ninguna medida preventiva.
,20,Medición de glucosa en sangre capilar en casa.
,21,Determinación de glucosa en sangre venosa.
,22,Determinación de hemoglobina glucosilada.
A0315K,1,Revisión de la vista.
,2,Toma una aspirina diaria.
,3,Revisión de pies.
,4,Examen general de orina.
,5,Microalbuminuria (con recolección de orina de 24 horas).
,6,Medición de la presión arterial.
,7,Aplicación de vacuna contra influenza.
,8,Aplicación de vacuna contra neumococo.
,9,Medición del colesterol y los triglicéridos.
,10,Toma un medicamento para disminuir la concentración de coles
,11,Toma un medicamento para el control de su presión arterial (
,12,Dejó de fumar.
,13,Revisión dental.
,14,Recibió educación sobre su enfermedad.
,15,Electrocardiograma.
,16,Evita calzado que pueda lesionar   sus pies.
,17,Acude a algún grupo de ayuda mutua.
,18,Otro (especifica).
,19,No realiza ninguna medida preventiva.
,20,Medición de glucosa en sangre capilar en casa.
,21,Determinación de glucosa en sangre venosa.
,22,Determinación de hemoglobina glucosilada.
A0315L,1,Revisión de la vista.
,2,Toma una aspirina diaria.
,3,Revisión de pies.
,4,Examen general de orina.
,5,Microalbuminuria (con recolección de orina de 24 horas).
,6,Medición de la presión arterial.
,7,Aplicación de vacuna contra influenza.
,8,Aplicación de vacuna contra neumococo.
,9,Medición del colesterol y los triglicéridos.
,10,Toma un medicamento para disminuir la concentración de coles
,11,Toma un medicamento para el control de su presión arterial (
,12,Dejó de fumar.
,13,Revisión dental.
,14,Recibió educación sobre su enfermedad.
,15,Electrocardiograma.
,16,Evita calzado que pueda lesionar   sus pies.
,17,Acude a algún grupo de ayuda mutua.
,18,Otro (especifica).
,19,No realiza ninguna medida preventiva.
,20,Medición de glucosa en sangre capilar en casa.
,21,Determinación de glucosa en sangre venosa.
,22,Determinación de hemoglobina glucosilada.
A0315M,1,Revisión de la vista.
,2,Toma una aspirina diaria.
,3,Revisión de pies.
,4,Examen general de orina.
,5,Microalbuminuria (con recolección de orina de 24 horas).
,6,Medición de la presión arterial.
,7,Aplicación de vacuna contra influenza.
,8,Aplicación de vacuna contra neumococo.
,9,Medición del colesterol y los triglicéridos.
,10,Toma un medicamento para disminuir la concentración de coles
,11,Toma un medicamento para el control de su presión arterial (
,12,Dejó de fumar.
,13,Revisión dental.
,14,Recibió educación sobre su enfermedad.
,15,Electrocardiograma.
,16,Evita calzado que pueda lesionar   sus pies.
,17,Acude a algún grupo de ayuda mutua.
,18,Otro (especifica).
,19,No realiza ninguna medida preventiva.
,20,Medición de glucosa en sangre capilar en casa.
,21,Determinación de glucosa en sangre venosa.
,22,Determinación de hemoglobina glucosilada.
A0315N,1,Revisión de la vista.
,2,Toma una aspirina diaria.
,3,Revisión de pies.
,4,Examen general de orina.
,5,Microalbuminuria (con recolección de orina de 24 horas).
,6,Medición de la presión arterial.
,7,Aplicación de vacuna contra influenza.
,8,Aplicación de vacuna contra neumococo.
,9,Medición del colesterol y los triglicéridos.
,10,Toma un medicamento para disminuir la concentración de coles
,11,Toma un medicamento para el control de su presión arterial (
,12,Dejó de fumar.
,13,Revisión dental.
,14,Recibió educación sobre su enfermedad.
,15,Electrocardiograma.
,16,Evita calzado que pueda lesionar   sus pies.
,17,Acude a algún grupo de ayuda mutua.
,18,Otro (especifica).
,19,No realiza ninguna medida preventiva.
,20,Medición de glucosa en sangre capilar en casa.
,21,Determinación de glucosa en sangre venosa.
,22,Determinación de hemoglobina glucosilada.
A0315O,1,Revisión de la vista.
,2,Toma una aspirina diaria.
,3,Revisión de pies.
,4,Examen general de orina.
,5,Microalbuminuria (con recolección de orina de 24 horas).
,6,Medición de la presión arterial.
,7,Aplicación de vacuna contra influenza.
,8,Aplicación de vacuna contra neumococo.
,9,Medición del colesterol y los triglicéridos.
,10,Toma un medicamento para disminuir la concentración de coles
,11,Toma un medicamento para el control de su presión arterial (
,12,Dejó de fumar.
,13,Revisión dental.
,14,Recibió educación sobre su enfermedad.
,15,Electrocardiograma.
,16,Evita calzado que pueda lesionar   sus pies.
,17,Acude a algún grupo de ayuda mutua.
,18,Otro (especifica).
,19,No realiza ninguna medida preventiva.
,20,Medición de glucosa en sangre capilar en casa.
,21,Determinación de glucosa en sangre venosa.
,22,Determinación de hemoglobina glucosilada.
A0315P,1,Revisión de la vista.
,2,Toma una aspirina diaria.
,3,Revisión de pies.
,4,Examen general de orina.
,5,Microalbuminuria (con recolección de orina de 24 horas).
,6,Medición de la presión arterial.
,7,Aplicación de vacuna contra influenza.
,8,Aplicación de vacuna contra neumococo.
,9,Medición del colesterol y los triglicéridos.
,10,Toma un medicamento para disminuir la concentración de coles
,11,Toma un medicamento para el control de su presión arterial (
,12,Dejó de fumar.
,13,Revisión dental.
,14,Recibió educación sobre su enfermedad.
,15,Electrocardiograma.
,16,Evita calzado que pueda lesionar   sus pies.
,17,Acude a algún grupo de ayuda mutua.
,18,Otro (especifica).
,19,No realiza ninguna medida preventiva.
,20,Medición de glucosa en sangre capilar en casa.
,21,Determinación de glucosa en sangre venosa.
,22,Determinación de hemoglobina glucosilada.
A0315Q,1,Revisión de la vista.
,2,Toma una aspirina diaria.
,3,Revisión de pies.
,4,Examen general de orina.
,5,Microalbuminuria (con recolección de orina de 24 horas).
,6,Medición de la presión arterial.
,7,Aplicación de vacuna contra influenza.
,8,Aplicación de vacuna contra neumococo.
,9,Medición del colesterol y los triglicéridos.
,10,Toma un medicamento para disminuir la concentración de coles
,11,Toma un medicamento para el control de su presión arterial (
,12,Dejó de fumar.
,13,Revisión dental.
,14,Recibió educación sobre su enfermedad.
,15,Electrocardiograma.
,16,Evita calzado que pueda lesionar   sus pies.
,17,Acude a algún grupo de ayuda mutua.
,18,Otro (especifica).
,19,No realiza ninguna medida preventiva.
,20,Medición de glucosa en sangre capilar en casa.
,21,Determinación de glucosa en sangre venosa.
,22,Determinación de hemoglobina glucosilada.
A0315R,1,Revisión de la vista.
,2,Toma una aspirina diaria.
,3,Revisión de pies.
,4,Examen general de orina.
,5,Microalbuminuria (con recolección de orina de 24 horas).
,6,Medición de la presión arterial.
,7,Aplicación de vacuna contra influenza.
,8,Aplicación de vacuna contra neumococo.
,9,Medición del colesterol y los triglicéridos.
,10,Toma un medicamento para disminuir la concentración de coles
,11,Toma un medicamento para el control de su presión arterial (
,12,Dejó de fumar.
,13,Revisión dental.
,14,Recibió educación sobre su enfermedad.
,15,Electrocardiograma.
,16,Evita calzado que pueda lesionar   sus pies.
,17,Acude a algún grupo de ayuda mutua.
,18,Otro (especifica).
,19,No realiza ninguna medida preventiva.
,20,Medición de glucosa en sangre capilar en casa.
,21,Determinación de glucosa en sangre venosa.
,22,Determinación de hemoglobina glucosilada.
A0315S,1,Revisión de la vista.
,2,Toma una aspirina diaria.
,3,Revisión de pies.
,4,Examen general de orina.
,5,Microalbuminuria (con recolección de orina de 24 horas).
,6,Medición de la presión arterial.
,7,Aplicación de vacuna contra influenza.
,8,Aplicación de vacuna contra neumococo.
,9,Medición del colesterol y los triglicéridos.
,10,Toma un medicamento para disminuir la concentración de coles
,11,Toma un medicamento para el control de su presión arterial (
,12,Dejó de fumar.
,13,Revisión dental.
,14,Recibió educación sobre su enfermedad.
,15,Electrocardiograma.
,16,Evita calzado que pueda lesionar   sus pies.
,17,Acude a algún grupo de ayuda mutua.
,18,Otro (especifica).
,19,No realiza ninguna medida preventiva.
,20,Medición de glucosa en sangre capilar en casa.
,21,Determinación de glucosa en sangre venosa.
,22,Determinación de hemoglobina glucosilada.
A0315T,1,Revisión de la vista.
,2,Toma una aspirina diaria.
,3,Revisión de pies.
,4,Examen general de orina.
,5,Microalbuminuria (con recolección de orina de 24 horas).
,6,Medición de la presión arterial.
,7,Aplicación de vacuna contra influenza.
,8,Aplicación de vacuna contra neumococo.
,9,Medición del colesterol y los triglicéridos.
,10,Toma un medicamento para disminuir la concentración de coles
,11,Toma un medicamento para el control de su presión arterial (
,12,Dejó de fumar.
,13,Revisión dental.
,14,Recibió educación sobre su enfermedad.
,15,Electrocardiograma.
,16,Evita calzado que pueda lesionar   sus pies.
,17,Acude a algún grupo de ayuda mutua.
,18,Otro (especifica).
,19,No realiza ninguna medida preventiva.
,20,Medición de glucosa en sangre capilar en casa.
,21,Determinación de glucosa en sangre venosa.
,22,Determinación de hemoglobina glucosilada.
A0315U,1,Revisión de la vista.
,2,Toma una aspirina diaria.
,3,Revisión de pies.
,4,Examen general de orina.
,5,Microalbuminuria (con recolección de orina de 24 horas).
,6,Medición de la presión arterial.
,7,Aplicación de vacuna contra influenza.
,8,Aplicación de vacuna contra neumococo.
,9,Medición del colesterol y los triglicéridos.
,10,Toma un medicamento para disminuir la concentración de coles
,11,Toma un medicamento para el control de su presión arterial (
,12,Dejó de fumar.
,13,Revisión dental.
,14,Recibió educación sobre su enfermedad.
,15,Electrocardiograma.
,16,Evita calzado que pueda lesionar   sus pies.
,17,Acude a algún grupo de ayuda mutua.
,18,Otro (especifica).
,19,No realiza ninguna medida preventiva.
,20,Medición de glucosa en sangre capilar en casa.
,21,Determinación de glucosa en sangre venosa.
,22,Determinación de hemoglobina glucosilada.
A0315V,1,Revisión de la vista.
,2,Toma una aspirina diaria.
,3,Revisión de pies.
,4,Examen general de orina.
,5,Microalbuminuria (con recolección de orina de 24 horas).
,6,Medición de la presión arterial.
,7,Aplicación de vacuna contra influenza.
,8,Aplicación de vacuna contra neumococo.
,9,Medición del colesterol y los triglicéridos.
,10,Toma un medicamento para disminuir la concentración de coles
,11,Toma un medicamento para el control de su presión arterial (
,12,Dejó de fumar.
,13,Revisión dental.
,14,Recibió educación sobre su enfermedad.
,15,Electrocardiograma.
,16,Evita calzado que pueda lesionar   sus pies.
,17,Acude a algún grupo de ayuda mutua.
,18,Otro (especifica).
,19,No realiza ninguna medida preventiva.
,20,Medición de glucosa en sangre capilar en casa.
,21,Determinación de glucosa en sangre venosa.
,22,Determinación de hemoglobina glucosilada.
a0316a,1,SI
,2,NO
a0316b,1,SI
,2,NO
a0316c,1,SI
,2,NO
a0316d,1,SI
,2,NO
a0316e,1,SI
,2,NO
a0316f,1,SI
,2,NO
a0316g,1,SI
,2,NO
a0316h,1,SI
,2,NO
a0316i,1,SI
,2,NO
a0316j,1,SI
,2,NO
nota019,1,Favor de conitnuar
nota020,1,Favor de conitnuar
a0401,1,SÍ.
,2,"SÍ, durante el embarazo."
,3,NO.
a0403,1,SÍ.
,2,NO.
a0404,1,SÍ.
,2,NO.
a0407,1,Instituto Mexicano del Seguro Social (IMSS).
,2,ISSSTE/ISSSTE Estatal.
,3,PEMEX.
,4,Defensa.
,5,Marina.
,6,Centro de Salud u Hospital de la SSA.
,7,IMSS Bienestar (antes Oportunidades).
,8,"DIF federal, estatal o municipal."
,9,Cruz Roja/Cruz Verde.
,10,Instituto Nacional de Salud.
,11,Organizaciones (ONG/OSC) que dan atención gratuita/Dispensar
,12,Consultorios pertenecientes a farmacias/Farmacias con consul
,13,Consultorio dentro de hospital privado.
,14,Área de urgencias/hospitalización dentro de hospital privado
,15,Atención privada en torre de consultorios médicos o en una c
,16,Consultorio en domicilio particular de médico privado.
,17,Atención privada en mi domicilio.
,18,"Atención privada vía remota (teléfono, mensajes de texto, te"
,19,Médico laboral (médico de la empresa).
,20,"Curandero, hierbero, naturista."
,21,"Homeópata, partera, acupunturista."
,22,Otro (especifique).
,23,No sabe / No recuerda.
,24,Ninguna.
A0408A,1,Plan de alimentación (dieta recomendada por personal de salu
,2,Realiza algún ejercicio físico.
,3,Disminución en el consumo de sal.
,4,Medicina alternativa.
,5,Ninguno.
A0408B,1,Plan de alimentación (dieta recomendada por personal de salu
,2,Realiza algún ejercicio físico.
,3,Disminución en el consumo de sal.
,4,Medicina alternativa.
,5,Ninguno.
A0408C,1,Plan de alimentación (dieta recomendada por personal de salu
,2,Realiza algún ejercicio físico.
,3,Disminución en el consumo de sal.
,4,Medicina alternativa.
,5,Ninguno.
A0408D,1,Plan de alimentación (dieta recomendada por personal de salu
,2,Realiza algún ejercicio físico.
,3,Disminución en el consumo de sal.
,4,Medicina alternativa.
,5,Ninguno.
A0408E,1,Plan de alimentación (dieta recomendada por personal de salu
,2,Realiza algún ejercicio físico.
,3,Disminución en el consumo de sal.
,4,Medicina alternativa.
,5,Ninguno.
a0409,1,Diario.
,2,Semanal.
,3,Mensual.
,4,Anual.
,5,No se la toman
a04010a,1,SI.
,2,NO.
a04010b,1,SI.
,2,NO.
a04010c,1,SI.
,2,NO.
a04010d,1,SI.
,2,NO.
a04010e,1,SI.
,2,NO.
a04010f,1,SI.
,2,NO.
not0021,1,Favor de conitnuar
not0037,1,Favor de conitnuar
a0501,1,SÍ.
,2,NO.
a0502a,1,SÍ.
,2,NO.
a0502b,1,SÍ.
,2,NO.
a0502c,1,SÍ.
,2,NO.
a0503,1,SÍ.
,2,NO.
a0505,1,SÍ.
,2,NO.
a0506,1,SÍ.
,2,NO.
,9,No sabe.
a0507,1,SÍ.
,2,NO.
nota022,1,Favor de conitnuar
nota023,1,Favor de conitnuar
a0601a,1,SI.
,2,NO.
a0601b,1,SI.
,2,NO.
a0601c,1,SI.
,2,NO.
a0602a,1,SI.
,2,NO.
a0602b,1,SI.
,2,NO.
a0602c,1,SI.
,2,NO.
a0602d,1,SI.
,2,NO.
a0602e,1,SI.
,2,NO.
a0602f,1,SI.
,2,NO.
a0602g,1,SI.
,2,NO.
a0603,1,SÍ.
,2,NO.
,9,No sabe.
a0604,1,SI.
,2,NO.
A0605A,1,Medicamento.
,2,Dieta.
,3,Aumento de actividad física.
,4,Medicina Alternativa
,5,Ninguna.
A0605B,1,Medicamento.
,2,Dieta.
,3,Aumento de actividad física.
,4,Medicina Alternativa
,5,Ninguna.
A0605C,1,Medicamento.
,2,Dieta.
,3,Aumento de actividad física.
,4,Medicina Alternativa
,5,Ninguna.
A0605D,1,Medicamento.
,2,Dieta.
,3,Aumento de actividad física.
,4,Medicina Alternativa
,5,Ninguna.
a0606,1,SI.
,2,NO.
A0607A,1,Medicamento.
,2,Dieta.
,3,Aumento de actividad física.
,4,Medicina Alternativa
,5,Ninguna.
A0607B,1,Medicamento.
,2,Dieta.
,3,Aumento de actividad física.
,4,Medicina Alternativa
,5,Ninguna.
A0607C,1,Medicamento.
,2,Dieta.
,3,Aumento de actividad física.
,4,Medicina Alternativa
,5,Ninguna.
A0607D,1,Medicamento.
,2,Dieta.
,3,Aumento de actividad física.
,4,Medicina Alternativa
,5,Ninguna.
A0608A,1,"Pravastatina, atorvastatina simvastatina, rosuvastatina, pit"
,2,"Bezafibrato, fenofibrato, gemfibrozil, ciprofibrato."
,3,Otros.
,4,Ninguna
A0608B,1,"Pravastatina, atorvastatina simvastatina, rosuvastatina, pit"
,2,"Bezafibrato, fenofibrato, gemfibrozil, ciprofibrato."
,3,Otros.
,4,Ninguna
A0608C,1,"Pravastatina, atorvastatina simvastatina, rosuvastatina, pit"
,2,"Bezafibrato, fenofibrato, gemfibrozil, ciprofibrato."
,3,Otros.
,4,Ninguna
nota024,1,Favor de conitnuar
nota025,1,Favor de conitnuar
a07her,1,SI
,2,NO
a0701p,1,SI.
,2,NO.
,9,NO SABE.
a0702p,1,SI.
,2,NO.
,9,NO SABE.
a0703p,1,SI.
,2,NO.
,9,NO SABE.
a0704p,1,<50.
,2,>=50.
,9,NO SABE.
a0705p,1,SI.
,2,NO.
,9,NO SABE.
a0701m,1,SI.
,2,NO.
,9,NO SABE.
a0702m,1,SI.
,2,NO.
,9,NO SABE.
a0703m,1,SI.
,2,NO.
,9,NO SABE.
a0704m,1,<50.
,2,>=50.
,9,NO SABE.
a0705m,1,SI.
,2,NO.
,9,NO SABE.
a0701h,1,SI.
,2,NO.
,9,NO SABE.
a0702h,1,SI.
,2,NO.
,9,NO SABE.
a0703h,1,SI.
,2,NO.
,9,NO SABE.
a0704h,1,<50.
,2,>=50.
,9,NO SABE.
a0705h,1,SI.
,2,NO.
,9,NO SABE.
nota026,1,Favor de conitnuar
nota027,1,Favor de conitnuar
A0803A,1,Condón o preservativo masculino.
,2,Condón femenino.
,3,Pastillas de anticoncepción de emergencia o del día siguient
,4,Pastillas o píldoras.
,5,Inyecciones.
,6,Parche anticonceptivo.
,7,"Dispositivo, DIU o aparato."
,8,"Implantes, tubos o norplant."
,9,"Óvulos, jaleas, espuma o diafragma."
,10,"Ritmo, calendario, termómetro, Billings."
,11,Retiro o coito interrumpido.
,14,Nada.
,77,Otro (especifique).
,88,No recuerda.
,99,NS/NR.
A0803B,1,Condón o preservativo masculino.
,2,Condón femenino.
,3,Pastillas de anticoncepción de emergencia o del día siguient
,4,Pastillas o píldoras.
,5,Inyecciones.
,6,Parche anticonceptivo.
,7,"Dispositivo, DIU o aparato."
,8,"Implantes, tubos o norplant."
,9,"Óvulos, jaleas, espuma o diafragma."
,10,"Ritmo, calendario, termómetro, Billings."
,11,Retiro o coito interrumpido.
,14,Nada.
,77,Otro (especifique).
,88,No recuerda.
,99,NS/NR.
A0803C,1,Condón o preservativo masculino.
,2,Condón femenino.
,3,Pastillas de anticoncepción de emergencia o del día siguient
,4,Pastillas o píldoras.
,5,Inyecciones.
,6,Parche anticonceptivo.
,7,"Dispositivo, DIU o aparato."
,8,"Implantes, tubos o norplant."
,9,"Óvulos, jaleas, espuma o diafragma."
,10,"Ritmo, calendario, termómetro, Billings."
,11,Retiro o coito interrumpido.
,14,Nada.
,77,Otro (especifique).
,88,No recuerda.
,99,NS/NR.
A0803D,1,Condón o preservativo masculino.
,2,Condón femenino.
,3,Pastillas de anticoncepción de emergencia o del día siguient
,4,Pastillas o píldoras.
,5,Inyecciones.
,6,Parche anticonceptivo.
,7,"Dispositivo, DIU o aparato."
,8,"Implantes, tubos o norplant."
,9,"Óvulos, jaleas, espuma o diafragma."
,10,"Ritmo, calendario, termómetro, Billings."
,11,Retiro o coito interrumpido.
,14,Nada.
,77,Otro (especifique).
,88,No recuerda.
,99,NS/NR.
A0803E,1,Condón o preservativo masculino.
,2,Condón femenino.
,3,Pastillas de anticoncepción de emergencia o del día siguient
,4,Pastillas o píldoras.
,5,Inyecciones.
,6,Parche anticonceptivo.
,7,"Dispositivo, DIU o aparato."
,8,"Implantes, tubos o norplant."
,9,"Óvulos, jaleas, espuma o diafragma."
,10,"Ritmo, calendario, termómetro, Billings."
,11,Retiro o coito interrumpido.
,14,Nada.
,77,Otro (especifique).
,88,No recuerda.
,99,NS/NR.
A0803F,1,Condón o preservativo masculino.
,2,Condón femenino.
,3,Pastillas de anticoncepción de emergencia o del día siguient
,4,Pastillas o píldoras.
,5,Inyecciones.
,6,Parche anticonceptivo.
,7,"Dispositivo, DIU o aparato."
,8,"Implantes, tubos o norplant."
,9,"Óvulos, jaleas, espuma o diafragma."
,10,"Ritmo, calendario, termómetro, Billings."
,11,Retiro o coito interrumpido.
,14,Nada.
,77,Otro (especifique).
,88,No recuerda.
,99,NS/NR.
A0803G,1,Condón o preservativo masculino.
,2,Condón femenino.
,3,Pastillas de anticoncepción de emergencia o del día siguient
,4,Pastillas o píldoras.
,5,Inyecciones.
,6,Parche anticonceptivo.
,7,"Dispositivo, DIU o aparato."
,8,"Implantes, tubos o norplant."
,9,"Óvulos, jaleas, espuma o diafragma."
,10,"Ritmo, calendario, termómetro, Billings."
,11,Retiro o coito interrumpido.
,14,Nada.
,77,Otro (especifique).
,88,No recuerda.
,99,NS/NR.
A0803H,1,Condón o preservativo masculino.
,2,Condón femenino.
,3,Pastillas de anticoncepción de emergencia o del día siguient
,4,Pastillas o píldoras.
,5,Inyecciones.
,6,Parche anticonceptivo.
,7,"Dispositivo, DIU o aparato."
,8,"Implantes, tubos o norplant."
,9,"Óvulos, jaleas, espuma o diafragma."
,10,"Ritmo, calendario, termómetro, Billings."
,11,Retiro o coito interrumpido.
,14,Nada.
,77,Otro (especifique).
,88,No recuerda.
,99,NS/NR.
A0803I,1,Condón o preservativo masculino.
,2,Condón femenino.
,3,Pastillas de anticoncepción de emergencia o del día siguient
,4,Pastillas o píldoras.
,5,Inyecciones.
,6,Parche anticonceptivo.
,7,"Dispositivo, DIU o aparato."
,8,"Implantes, tubos o norplant."
,9,"Óvulos, jaleas, espuma o diafragma."
,10,"Ritmo, calendario, termómetro, Billings."
,11,Retiro o coito interrumpido.
,14,Nada.
,77,Otro (especifique).
,88,No recuerda.
,99,NS/NR.
A0803J,1,Condón o preservativo masculino.
,2,Condón femenino.
,3,Pastillas de anticoncepción de emergencia o del día siguient
,4,Pastillas o píldoras.
,5,Inyecciones.
,6,Parche anticonceptivo.
,7,"Dispositivo, DIU o aparato."
,8,"Implantes, tubos o norplant."
,9,"Óvulos, jaleas, espuma o diafragma."
,10,"Ritmo, calendario, termómetro, Billings."
,11,Retiro o coito interrumpido.
,14,Nada.
,77,Otro (especifique).
,88,No recuerda.
,99,NS/NR.
A0803K,1,Condón o preservativo masculino.
,2,Condón femenino.
,3,Pastillas de anticoncepción de emergencia o del día siguient
,4,Pastillas o píldoras.
,5,Inyecciones.
,6,Parche anticonceptivo.
,7,"Dispositivo, DIU o aparato."
,8,"Implantes, tubos o norplant."
,9,"Óvulos, jaleas, espuma o diafragma."
,10,"Ritmo, calendario, termómetro, Billings."
,11,Retiro o coito interrumpido.
,14,Nada.
,77,Otro (especifique).
,88,No recuerda.
,99,NS/NR.
A0803L,1,Condón o preservativo masculino.
,2,Condón femenino.
,3,Pastillas de anticoncepción de emergencia o del día siguient
,4,Pastillas o píldoras.
,5,Inyecciones.
,6,Parche anticonceptivo.
,7,"Dispositivo, DIU o aparato."
,8,"Implantes, tubos o norplant."
,9,"Óvulos, jaleas, espuma o diafragma."
,10,"Ritmo, calendario, termómetro, Billings."
,11,Retiro o coito interrumpido.
,14,Nada.
,77,Otro (especifique).
,88,No recuerda.
,99,NS/NR.
A0803M,1,Condón o preservativo masculino.
,2,Condón femenino.
,3,Pastillas de anticoncepción de emergencia o del día siguient
,4,Pastillas o píldoras.
,5,Inyecciones.
,6,Parche anticonceptivo.
,7,"Dispositivo, DIU o aparato."
,8,"Implantes, tubos o norplant."
,9,"Óvulos, jaleas, espuma o diafragma."
,10,"Ritmo, calendario, termómetro, Billings."
,11,Retiro o coito interrumpido.
,14,Nada.
,77,Otro (especifique).
,88,No recuerda.
,99,NS/NR.
A0803N,1,Condón o preservativo masculino.
,2,Condón femenino.
,3,Pastillas de anticoncepción de emergencia o del día siguient
,4,Pastillas o píldoras.
,5,Inyecciones.
,6,Parche anticonceptivo.
,7,"Dispositivo, DIU o aparato."
,8,"Implantes, tubos o norplant."
,9,"Óvulos, jaleas, espuma o diafragma."
,10,"Ritmo, calendario, termómetro, Billings."
,11,Retiro o coito interrumpido.
,14,Nada.
,77,Otro (especifique).
,88,No recuerda.
,99,NS/NR.
A0803O,1,Condón o preservativo masculino.
,2,Condón femenino.
,3,Pastillas de anticoncepción de emergencia o del día siguient
,4,Pastillas o píldoras.
,5,Inyecciones.
,6,Parche anticonceptivo.
,7,"Dispositivo, DIU o aparato."
,8,"Implantes, tubos o norplant."
,9,"Óvulos, jaleas, espuma o diafragma."
,10,"Ritmo, calendario, termómetro, Billings."
,11,Retiro o coito interrumpido.
,14,Nada.
,77,Otro (especifique).
,88,No recuerda.
,99,NS/NR.
A0804A,1,Condón o preservativo masculino.
,2,Condón femenino.
,3,Pastillas de anticoncepción de emergencia o del día siguient
,4,Pastillas o píldoras.
,5,Inyecciones.
,6,Parche anticonceptivo.
,7,"Dispositivo, DIU o aparato."
,8,"Implantes, tubos o norplant."
,9,"Óvulos, jaleas, espuma o diafragma."
,10,"Operación femenina, OTB o ligadura de trompas"
,11,Operación masculina o vasectomía.
,12,"Ritmo, calendario, abstinencia periódica, termómetro, billin"
,13,Retiro o coito interrumpido.
,14,Nada.
,77,Otro (especifique).
,88,No recuerda.
,99,NS/NR.
A0804B,1,Condón o preservativo masculino.
,2,Condón femenino.
,3,Pastillas de anticoncepción de emergencia o del día siguient
,4,Pastillas o píldoras.
,5,Inyecciones.
,6,Parche anticonceptivo.
,7,"Dispositivo, DIU o aparato."
,8,"Implantes, tubos o norplant."
,9,"Óvulos, jaleas, espuma o diafragma."
,10,"Operación femenina, OTB o ligadura de trompas"
,11,Operación masculina o vasectomía.
,12,"Ritmo, calendario, abstinencia periódica, termómetro, billin"
,13,Retiro o coito interrumpido.
,14,Nada.
,77,Otro (especifique).
,88,No recuerda.
,99,NS/NR.
A0804C,1,Condón o preservativo masculino.
,2,Condón femenino.
,3,Pastillas de anticoncepción de emergencia o del día siguient
,4,Pastillas o píldoras.
,5,Inyecciones.
,6,Parche anticonceptivo.
,7,"Dispositivo, DIU o aparato."
,8,"Implantes, tubos o norplant."
,9,"Óvulos, jaleas, espuma o diafragma."
,10,"Operación femenina, OTB o ligadura de trompas"
,11,Operación masculina o vasectomía.
,12,"Ritmo, calendario, abstinencia periódica, termómetro, billin"
,13,Retiro o coito interrumpido.
,14,Nada.
,77,Otro (especifique).
,88,No recuerda.
,99,NS/NR.
A0804D,1,Condón o preservativo masculino.
,2,Condón femenino.
,3,Pastillas de anticoncepción de emergencia o del día siguient
,4,Pastillas o píldoras.
,5,Inyecciones.
,6,Parche anticonceptivo.
,7,"Dispositivo, DIU o aparato."
,8,"Implantes, tubos o norplant."
,9,"Óvulos, jaleas, espuma o diafragma."
,10,"Operación femenina, OTB o ligadura de trompas"
,11,Operación masculina o vasectomía.
,12,"Ritmo, calendario, abstinencia periódica, termómetro, billin"
,13,Retiro o coito interrumpido.
,14,Nada.
,77,Otro (especifique).
,88,No recuerda.
,99,NS/NR.
A0804E,1,Condón o preservativo masculino.
,2,Condón femenino.
,3,Pastillas de anticoncepción de emergencia o del día siguient
,4,Pastillas o píldoras.
,5,Inyecciones.
,6,Parche anticonceptivo.
,7,"Dispositivo, DIU o aparato."
,8,"Implantes, tubos o norplant."
,9,"Óvulos, jaleas, espuma o diafragma."
,10,"Operación femenina, OTB o ligadura de trompas"
,11,Operación masculina o vasectomía.
,12,"Ritmo, calendario, abstinencia periódica, termómetro, billin"
,13,Retiro o coito interrumpido.
,14,Nada.
,77,Otro (especifique).
,88,No recuerda.
,99,NS/NR.
A0804F,1,Condón o preservativo masculino.
,2,Condón femenino.
,3,Pastillas de anticoncepción de emergencia o del día siguient
,4,Pastillas o píldoras.
,5,Inyecciones.
,6,Parche anticonceptivo.
,7,"Dispositivo, DIU o aparato."
,8,"Implantes, tubos o norplant."
,9,"Óvulos, jaleas, espuma o diafragma."
,10,"Operación femenina, OTB o ligadura de trompas"
,11,Operación masculina o vasectomía.
,12,"Ritmo, calendario, abstinencia periódica, termómetro, billin"
,13,Retiro o coito interrumpido.
,14,Nada.
,77,Otro (especifique).
,88,No recuerda.
,99,NS/NR.
A0804G,1,Condón o preservativo masculino.
,2,Condón femenino.
,3,Pastillas de anticoncepción de emergencia o del día siguient
,4,Pastillas o píldoras.
,5,Inyecciones.
,6,Parche anticonceptivo.
,7,"Dispositivo, DIU o aparato."
,8,"Implantes, tubos o norplant."
,9,"Óvulos, jaleas, espuma o diafragma."
,10,"Operación femenina, OTB o ligadura de trompas"
,11,Operación masculina o vasectomía.
,12,"Ritmo, calendario, abstinencia periódica, termómetro, billin"
,13,Retiro o coito interrumpido.
,14,Nada.
,77,Otro (especifique).
,88,No recuerda.
,99,NS/NR.
A0804H,1,Condón o preservativo masculino.
,2,Condón femenino.
,3,Pastillas de anticoncepción de emergencia o del día siguient
,4,Pastillas o píldoras.
,5,Inyecciones.
,6,Parche anticonceptivo.
,7,"Dispositivo, DIU o aparato."
,8,"Implantes, tubos o norplant."
,9,"Óvulos, jaleas, espuma o diafragma."
,10,"Operación femenina, OTB o ligadura de trompas"
,11,Operación masculina o vasectomía.
,12,"Ritmo, calendario, abstinencia periódica, termómetro, billin"
,13,Retiro o coito interrumpido.
,14,Nada.
,77,Otro (especifique).
,88,No recuerda.
,99,NS/NR.
A0804I,1,Condón o preservativo masculino.
,2,Condón femenino.
,3,Pastillas de anticoncepción de emergencia o del día siguient
,4,Pastillas o píldoras.
,5,Inyecciones.
,6,Parche anticonceptivo.
,7,"Dispositivo, DIU o aparato."
,8,"Implantes, tubos o norplant."
,9,"Óvulos, jaleas, espuma o diafragma."
,10,"Operación femenina, OTB o ligadura de trompas"
,11,Operación masculina o vasectomía.
,12,"Ritmo, calendario, abstinencia periódica, termómetro, billin"
,13,Retiro o coito interrumpido.
,14,Nada.
,77,Otro (especifique).
,88,No recuerda.
,99,NS/NR.
A0804J,1,Condón o preservativo masculino.
,2,Condón femenino.
,3,Pastillas de anticoncepción de emergencia o del día siguient
,4,Pastillas o píldoras.
,5,Inyecciones.
,6,Parche anticonceptivo.
,7,"Dispositivo, DIU o aparato."
,8,"Implantes, tubos o norplant."
,9,"Óvulos, jaleas, espuma o diafragma."
,10,"Operación femenina, OTB o ligadura de trompas"
,11,Operación masculina o vasectomía.
,12,"Ritmo, calendario, abstinencia periódica, termómetro, billin"
,13,Retiro o coito interrumpido.
,14,Nada.
,77,Otro (especifique).
,88,No recuerda.
,99,NS/NR.
A0804K,1,Condón o preservativo masculino.
,2,Condón femenino.
,3,Pastillas de anticoncepción de emergencia o del día siguient
,4,Pastillas o píldoras.
,5,Inyecciones.
,6,Parche anticonceptivo.
,7,"Dispositivo, DIU o aparato."
,8,"Implantes, tubos o norplant."
,9,"Óvulos, jaleas, espuma o diafragma."
,10,"Operación femenina, OTB o ligadura de trompas"
,11,Operación masculina o vasectomía.
,12,"Ritmo, calendario, abstinencia periódica, termómetro, billin"
,13,Retiro o coito interrumpido.
,14,Nada.
,77,Otro (especifique).
,88,No recuerda.
,99,NS/NR.
A0804L,1,Condón o preservativo masculino.
,2,Condón femenino.
,3,Pastillas de anticoncepción de emergencia o del día siguient
,4,Pastillas o píldoras.
,5,Inyecciones.
,6,Parche anticonceptivo.
,7,"Dispositivo, DIU o aparato."
,8,"Implantes, tubos o norplant."
,9,"Óvulos, jaleas, espuma o diafragma."
,10,"Operación femenina, OTB o ligadura de trompas"
,11,Operación masculina o vasectomía.
,12,"Ritmo, calendario, abstinencia periódica, termómetro, billin"
,13,Retiro o coito interrumpido.
,14,Nada.
,77,Otro (especifique).
,88,No recuerda.
,99,NS/NR.
A0804M,1,Condón o preservativo masculino.
,2,Condón femenino.
,3,Pastillas de anticoncepción de emergencia o del día siguient
,4,Pastillas o píldoras.
,5,Inyecciones.
,6,Parche anticonceptivo.
,7,"Dispositivo, DIU o aparato."
,8,"Implantes, tubos o norplant."
,9,"Óvulos, jaleas, espuma o diafragma."
,10,"Operación femenina, OTB o ligadura de trompas"
,11,Operación masculina o vasectomía.
,12,"Ritmo, calendario, abstinencia periódica, termómetro, billin"
,13,Retiro o coito interrumpido.
,14,Nada.
,77,Otro (especifique).
,88,No recuerda.
,99,NS/NR.
A0804N,1,Condón o preservativo masculino.
,2,Condón femenino.
,3,Pastillas de anticoncepción de emergencia o del día siguient
,4,Pastillas o píldoras.
,5,Inyecciones.
,6,Parche anticonceptivo.
,7,"Dispositivo, DIU o aparato."
,8,"Implantes, tubos o norplant."
,9,"Óvulos, jaleas, espuma o diafragma."
,10,"Operación femenina, OTB o ligadura de trompas"
,11,Operación masculina o vasectomía.
,12,"Ritmo, calendario, abstinencia periódica, termómetro, billin"
,13,Retiro o coito interrumpido.
,14,Nada.
,77,Otro (especifique).
,88,No recuerda.
,99,NS/NR.
A0804O,1,Condón o preservativo masculino.
,2,Condón femenino.
,3,Pastillas de anticoncepción de emergencia o del día siguient
,4,Pastillas o píldoras.
,5,Inyecciones.
,6,Parche anticonceptivo.
,7,"Dispositivo, DIU o aparato."
,8,"Implantes, tubos o norplant."
,9,"Óvulos, jaleas, espuma o diafragma."
,10,"Operación femenina, OTB o ligadura de trompas"
,11,Operación masculina o vasectomía.
,12,"Ritmo, calendario, abstinencia periódica, termómetro, billin"
,13,Retiro o coito interrumpido.
,14,Nada.
,77,Otro (especifique).
,88,No recuerda.
,99,NS/NR.
A0804P,1,Condón o preservativo masculino.
,2,Condón femenino.
,3,Pastillas de anticoncepción de emergencia o del día siguient
,4,Pastillas o píldoras.
,5,Inyecciones.
,6,Parche anticonceptivo.
,7,"Dispositivo, DIU o aparato."
,8,"Implantes, tubos o norplant."
,9,"Óvulos, jaleas, espuma o diafragma."
,10,"Operación femenina, OTB o ligadura de trompas"
,11,Operación masculina o vasectomía.
,12,"Ritmo, calendario, abstinencia periódica, termómetro, billin"
,13,Retiro o coito interrumpido.
,14,Nada.
,77,Otro (especifique).
,88,No recuerda.
,99,NS/NR.
A0804Q,1,Condón o preservativo masculino.
,2,Condón femenino.
,3,Pastillas de anticoncepción de emergencia o del día siguient
,4,Pastillas o píldoras.
,5,Inyecciones.
,6,Parche anticonceptivo.
,7,"Dispositivo, DIU o aparato."
,8,"Implantes, tubos o norplant."
,9,"Óvulos, jaleas, espuma o diafragma."
,10,"Operación femenina, OTB o ligadura de trompas"
,11,Operación masculina o vasectomía.
,12,"Ritmo, calendario, abstinencia periódica, termómetro, billin"
,13,Retiro o coito interrumpido.
,14,Nada.
,77,Otro (especifique).
,88,No recuerda.
,99,NS/NR.
a0805,1,Sí.
,2,No.
,9,NS/NR.
a0807,1,Si.
,2,No.
,9,No responde.
a0808,1,Sí.
,2,No.
,8,No sabe.
,9,No responde.
not028,1,Favor de conitnuar
a0813,1,Instituto Mexicano del Seguro Social (IMSS).
,2,ISSSTE/ISSSTE Estatal.
,3,PEMEX.
,4,Defensa.
,5,Marina.
,6,Centro de Salud u Hospital de la SSA.
,7,IMSS Bienestar (antes Oportunidades).
,8,"DIF federal, estatal o municipal."
,9,Cruz Roja/Cruz Verde.
,10,Instituto Nacional de Salud.
,11,Organizaciones (ONG/OSC) que dan atención gratuita/Dispensar
,12,Consultorios pertenecientes a farmacias/Farmacias con consul
,13,Consultorio dentro de hospital privado.
,14,Área de urgencias/hospitalización dentro de hospital privado
,15,Atención privada en torre de consultorios médicos o en una c
,16,Consultorio en domicilio particular de médico privado.
,17,Atención privada en mi domicilio.
,18,"Atención privada vía remota (teléfono, mensajes de texto, te"
,19,Médico laboral (médico de la empresa).
,20,"Curandero, hierbero, naturista."
,21,"Homeópata, acupunturista."
,22,Casa de la partera.
,23,Casa de la entrevistada.
,24,Otro (especifique).
,25,No sabe / No recuerda.
,26,No responde.
,27,Ninguna.
a0815a,1,Sí.
,2,No.
,9,NS/NR.
a0815b,1,Sí.
,2,No.
,9,NS/NR.
a0815c,1,Sí.
,2,No.
,9,NS/NR.
a0815d,1,Sí.
,2,No.
,9,NS/NR.
a0815e,1,Sí.
,2,No.
,9,NS/NR.
a0815f,1,Sí.
,2,No.
,9,NS/NR.
a0815g,1,Sí.
,2,No.
,9,NS/NR.
a0815h,1,Sí.
,2,No.
,9,NS/NR.
a0815i,1,Sí.
,2,No.
,9,NS/NR.
a0815j,1,Sí.
,2,No.
,9,NS/NR.
a0815k,1,Sí.
,2,No.
,9,NS/NR.
a0815l,1,Sí.
,2,No.
,9,NS/NR.
a0815m,1,Sí.
,2,No.
,9,NS/NR.
a0815n,1,Sí.
,2,No.
,9,NS/NR.
a0815o,1,Sí.
,2,No.
,9,NS/NR.
a0815p,1,Sí.
,2,No.
,9,NS/NR.
a0816,1,Instituto Mexicano del Seguro Social (IMSS).
,2,ISSSTE/ISSSTE Estatal.
,3,PEMEX.
,4,Defensa.
,5,Marina.
,6,Centro de Salud u Hospital de la SSA.
,7,IMSS Bienestar (antes Oportunidades).
,8,"DIF federal, estatal o municipal."
,9,Cruz Roja/Cruz Verde.
,10,Instituto Nacional de Salud.
,11,Organizaciones (ONG/OSC) que dan atención gratuita/Dispensar
,12,Consultorios pertenecientes a farmacias/Farmacias con consul
,13,Consultorio dentro de hospital privado.
,14,Área de urgencias/hospitalización dentro de hospital privado
,15,Atención privada en torre de consultorios médicos o en una c
,16,Consultorio en domicilio particular de médico privado.
,17,Atención privada en mi domicilio.
,18,"Atención privada vía remota (teléfono, mensajes de texto, te"
,19,Médico laboral (médico de la empresa).
,20,"Curandero, hierbero, naturista."
,21,"Homeópata, acupunturista."
,22,Casa de la partera.
,23,Casa de la entrevistada.
,24,Otro (especifique).
,25,No sabe / No recuerda.
,26,No responde.
,27,Ninguna.
a0817,1,normal (vaginal)?
,2,cesárea por urgencias?
,3,cesárea programada?
,9,NS/NR.
a0818,1,Sí.
,2,No.
,8,No recuerda.
,9,NS/NR.
a0819f,1,De la cartilla del niño o de otro documento.
,2,"Del recuerdo de su mamá, cuidadora o informante."
,9,NS/NR.
a0820p,1,Días.
,2,Meses.
,7,Aún le da pecho.
,8,No recuerda.
,9,NS/NR.
a0821a,1,Si.
,2,No.
,9,NS/NR.
a0821b,1,Si.
,2,No.
,9,NS/NR.
a0821c,1,Si.
,2,No.
,9,NS/NR.
a0821d,1,Si.
,2,No.
,9,NS/NR.
a0821e,1,Si.
,2,No.
,9,NS/NR.
a0821f,1,Si.
,2,No.
,9,NS/NR.
a0821g,1,Si.
,2,No.
,9,NS/NR.
a0821h,1,Si.
,2,No.
,9,NS/NR.
a0821i,1,Si.
,2,No.
,9,NS/NR.
a0821j,1,Si.
,2,No.
,9,NS/NR.
a0822,1,Antes de salir del hospital.
,2,Durante el primer mes después de haber salido del hospital.
,3,Después del primer mes.
,8,No recuerda en qué momento.
,9,NS/NR.
a0823,1,Condón o preservativo masculino.
,2,Condón femenino.
,3,Pastillas o píldoras.
,4,Inyecciones.
,5,Parche anticonceptivo.
,6,"Dispositivo, DIU o aparato."
,7,"Implantes, tubos o norplant."
,8,"Óvulos, jaleas, espuma o diafragma."
,9,"Operación femenina, OTB o ligadura de trompas."
,10,Operación masculina o vasectomía.
,77,Otro (especifique).
,88,No recuerda.
,99,NS/NR.
a0824,1,"Sí, en los últimos 12 meses."
,2,"Sí, hace más de un año."
,8,No recuerda.
,9,No responde.
a0825,1,Sí.
,2,No.
,9,NS/NR.
nota029,1,Favor de conitnuar
a0826,1,Sí.
,2,No.
,9,NS/NR
nota030,1,Favor de conitnuar
nota031,1,Favor de conitnuar
a0901,1,Sí mostró la Cartilla Nacional de Salud(Hombres o Mujeres de
,2,Tiene documento probatorio o comprobante.
,3,"Sí la tiene, pero no la mostró."
,4,No tiene cartilla.
,5,"Sí mostró la cartilla, pero no tiene información."
a0902,1,No se la han dado.
,2,La extravió.
,3,No le han dado la reposición.
,4,No la tiene disponible en este momento.
,5,Vivienda afectada por sismo u otro desastre Natural.
,6,Otra.
,9,No  sabe.
a0903,1,No se ha vacunado.
,2,"Se vacunó, tiene documento probatorio o comprobante, pero no"
,3,No sabe / No responde.
nota032,1,Favor de conitnuar
a0904,1,SÍ.
,2,NO.
,9,No sabe / No recuerda.
a0906,1,SÍ.
,2,NO.
,9,No sabe / No recuerda.
a0908,1,SÍ.
,2,NO.
,9,No sabe / No recuerda.
not0033,1,Favor de conitnuar
a09091a,1,Sí.
,2,NO.
a09091c,1,Seguro Social (IMSS).
,2,ISSSTE.
,3,ISSSTE Estatal.
,4,Pemex.
,5,Defensa.
,6,Marina.
,7,Centro de Salud u Hospital de la SSA.
,8,IMSS Bienestar (antes Prospera).
,9,Consultorios dependientes de farmacias.
,10,"Consultorio, clínica u hospital privado."
,11,Escuela.
,12,Otro lugar (especifica).
,99,No sabe / No recuerda.
a09092a,1,Sí.
,2,NO.
a09092c,1,Seguro Social (IMSS).
,2,ISSSTE.
,3,ISSSTE Estatal.
,4,Pemex.
,5,Defensa.
,6,Marina.
,7,Centro de Salud u Hospital de la SSA.
,8,IMSS Bienestar (antes Prospera).
,9,Consultorios dependientes de farmacias.
,10,"Consultorio, clínica u hospital privado."
,11,Escuela.
,12,Otro lugar (especifica).
,99,No sabe / No recuerda.
a09093a,1,Sí.
,2,NO.
a09093c,1,Seguro Social (IMSS).
,2,ISSSTE.
,3,ISSSTE Estatal.
,4,Pemex.
,5,Defensa.
,6,Marina.
,7,Centro de Salud u Hospital de la SSA.
,8,IMSS Bienestar (antes Prospera).
,9,Consultorios dependientes de farmacias.
,10,"Consultorio, clínica u hospital privado."
,11,Escuela.
,12,Otro lugar (especifica).
,99,No sabe / No recuerda.
a09101a,1,Sí.
,2,NO.
a09101c,1,Seguro Social (IMSS).
,2,ISSSTE.
,3,ISSSTE Estatal.
,4,Pemex.
,5,Defensa.
,6,Marina.
,7,Centro de Salud u Hospital de la SSA.
,8,IMSS Bienestar (antes Prospera).
,9,Consultorios dependientes de farmacias.
,10,"Consultorio, clínica u hospital privado."
,11,Escuela.
,12,Otro lugar (especifica).
,99,No sabe / No recuerda.
a09102a,1,Sí.
,2,NO.
a09102c,1,Seguro Social (IMSS).
,2,ISSSTE.
,3,ISSSTE Estatal.
,4,Pemex.
,5,Defensa.
,6,Marina.
,7,Centro de Salud u Hospital de la SSA.
,8,IMSS Bienestar (antes Prospera).
,9,Consultorios dependientes de farmacias.
,10,"Consultorio, clínica u hospital privado."
,11,Escuela.
,12,Otro lugar (especifica).
,99,No sabe / No recuerda.
a09103a,1,Sí.
,2,NO.
a09103c,1,Seguro Social (IMSS).
,2,ISSSTE.
,3,ISSSTE Estatal.
,4,Pemex.
,5,Defensa.
,6,Marina.
,7,Centro de Salud u Hospital de la SSA.
,8,IMSS Bienestar (antes Prospera).
,9,Consultorios dependientes de farmacias.
,10,"Consultorio, clínica u hospital privado."
,11,Escuela.
,12,Otro lugar (especifica).
,99,No sabe / No recuerda.
a09104a,1,Sí.
,2,NO.
a09104c,1,Seguro Social (IMSS).
,2,ISSSTE.
,3,ISSSTE Estatal.
,4,Pemex.
,5,Defensa.
,6,Marina.
,7,Centro de Salud u Hospital de la SSA.
,8,IMSS Bienestar (antes Prospera).
,9,Consultorios dependientes de farmacias.
,10,"Consultorio, clínica u hospital privado."
,11,Escuela.
,12,Otro lugar (especifica).
,99,No sabe / No recuerda.
a09111a,1,Sí.
,2,NO.
a09111c,1,Seguro Social (IMSS).
,2,ISSSTE.
,3,ISSSTE Estatal.
,4,Pemex.
,5,Defensa.
,6,Marina.
,7,Centro de Salud u Hospital de la SSA.
,8,IMSS Bienestar (antes Prospera).
,9,Consultorios dependientes de farmacias.
,10,"Consultorio, clínica u hospital privado."
,11,Escuela.
,12,Otro lugar (especifica).
,99,No sabe / No recuerda.
a09121a,1,Sí.
,2,NO.
a09121c,1,Seguro Social (IMSS).
,2,ISSSTE.
,3,ISSSTE Estatal.
,4,Pemex.
,5,Defensa.
,6,Marina.
,7,Centro de Salud u Hospital de la SSA.
,8,IMSS Bienestar (antes Prospera).
,9,Consultorios dependientes de farmacias.
,10,"Consultorio, clínica u hospital privado."
,11,Escuela.
,12,Otro lugar (especifica).
,99,No sabe / No recuerda.
a09122a,1,Sí.
,2,NO.
a09122c,1,Seguro Social (IMSS).
,2,ISSSTE.
,3,ISSSTE Estatal.
,4,Pemex.
,5,Defensa.
,6,Marina.
,7,Centro de Salud u Hospital de la SSA.
,8,IMSS Bienestar (antes Prospera).
,9,Consultorios dependientes de farmacias.
,10,"Consultorio, clínica u hospital privado."
,11,Escuela.
,12,Otro lugar (especifica).
,99,No sabe / No recuerda.
o_vac1,1,Sí
,2,No
a09131a,1,Sí.
,2,NO.
a09131c,1,Seguro Social (IMSS).
,2,ISSSTE.
,3,ISSSTE Estatal.
,4,Pemex.
,5,Defensa.
,6,Marina.
,7,Centro de Salud u Hospital de la SSA.
,8,IMSS Bienestar (antes Prospera).
,9,Consultorios dependientes de farmacias.
,10,"Consultorio, clínica u hospital privado."
,11,Escuela.
,12,Otro lugar (especifica).
,99,No sabe / No recuerda.
o_vac2,1,Sí
,2,No
a09132a,1,Sí.
,2,NO.
a09132c,1,Seguro Social (IMSS).
,2,ISSSTE.
,3,ISSSTE Estatal.
,4,Pemex.
,5,Defensa.
,6,Marina.
,7,Centro de Salud u Hospital de la SSA.
,8,IMSS Bienestar (antes Prospera).
,9,Consultorios dependientes de farmacias.
,10,"Consultorio, clínica u hospital privado."
,11,Escuela.
,12,Otro lugar (especifica).
,99,No sabe / No recuerda.
o_vac3,1,Sí
,2,No
a09133a,1,Sí.
,2,NO.
a09133c,1,Seguro Social (IMSS).
,2,ISSSTE.
,3,ISSSTE Estatal.
,4,Pemex.
,5,Defensa.
,6,Marina.
,7,Centro de Salud u Hospital de la SSA.
,8,IMSS Bienestar (antes Prospera).
,9,Consultorios dependientes de farmacias.
,10,"Consultorio, clínica u hospital privado."
,11,Escuela.
,12,Otro lugar (especifica).
,99,No sabe / No recuerda.
not034,1,Favor de conitnuar
a0914,1,Sí mostró la Cartilla Nacional de Salud (Adultos mayores de
,2,Sí mostró documento probatorio o comprobante.
,3,"Sí la tiene, pero no la mostró."
,4,No tiene cartilla.
,5,"Sí mostró la Cartilla, pero no tiene información."
a0915,1,No se la han dado.
,2,La extravió.
,3,No le han dado la reposición.
,4,No la tiene disponible en este momento.
,5,Vivienda afectada por sismo u otro desastre natural.
,6,Otra.
,9,No sabe.
a0916,1,No se ha vacunado.
,2,"Se vacunó, tiene documento probatorio o comprobante, pero no"
,9,No sabe.
not035,1,Favor de conitnuar
a0917,1,SÍ.
,2,NO.
,9,No sabe / No recuerda.
a0919,1,SÍ.
,2,NO.
,9,No sabe / No recuerda.
a0921,1,SÍ.
,2,NO.
,9,No sabe / No recuerda.
not036,1,Favor de conitnuar
a09221a,1,Sí.
,2,NO.
a09221c,1,Seguro Social (IMSS).
,2,ISSSTE.
,3,ISSSTE Estatal.
,4,Pemex.
,5,Defensa.
,6,Marina.
,7,Centro de Salud u Hospital de la SSA.
,8,IMSS Bienestar (antes Prospera).
,9,Consultorios dependientes de farmacias.
,10,"Consultorio, clínica u hospital privado."
,11,Escuela.
,12,Otro lugar (especifica).
,99,No sabe / No recuerda.
a09222a,1,Sí.
,2,NO.
a09222c,1,Seguro Social (IMSS).
,2,ISSSTE.
,3,ISSSTE Estatal.
,4,Pemex.
,5,Defensa.
,6,Marina.
,7,Centro de Salud u Hospital de la SSA.
,8,IMSS Bienestar (antes Prospera).
,9,Consultorios dependientes de farmacias.
,10,"Consultorio, clínica u hospital privado."
,11,Escuela.
,12,Otro lugar (especifica).
,99,No sabe / No recuerda.
a09223a,1,Sí.
,2,NO.
a09223c,1,Seguro Social (IMSS).
,2,ISSSTE.
,3,ISSSTE Estatal.
,4,Pemex.
,5,Defensa.
,6,Marina.
,7,Centro de Salud u Hospital de la SSA.
,8,IMSS Bienestar (antes Prospera).
,9,Consultorios dependientes de farmacias.
,10,"Consultorio, clínica u hospital privado."
,11,Escuela.
,12,Otro lugar (especifica).
,99,No sabe / No recuerda.
a09231a,1,Sí.
,2,NO.
a09231c,1,Seguro Social (IMSS).
,2,ISSSTE.
,3,ISSSTE Estatal.
,4,Pemex.
,5,Defensa.
,6,Marina.
,7,Centro de Salud u Hospital de la SSA.
,8,IMSS Bienestar (antes Prospera).
,9,Consultorios dependientes de farmacias.
,10,"Consultorio, clínica u hospital privado."
,11,Escuela.
,12,Otro lugar (especifica).
,99,No sabe / No recuerda.
a09232a,1,Sí.
,2,NO.
a09232c,1,Seguro Social (IMSS).
,2,ISSSTE.
,3,ISSSTE Estatal.
,4,Pemex.
,5,Defensa.
,6,Marina.
,7,Centro de Salud u Hospital de la SSA.
,8,IMSS Bienestar (antes Prospera).
,9,Consultorios dependientes de farmacias.
,10,"Consultorio, clínica u hospital privado."
,11,Escuela.
,12,Otro lugar (especifica).
,99,No sabe / No recuerda.
a09233a,1,Sí.
,2,NO.
a09233c,1,Seguro Social (IMSS).
,2,ISSSTE.
,3,ISSSTE Estatal.
,4,Pemex.
,5,Defensa.
,6,Marina.
,7,Centro de Salud u Hospital de la SSA.
,8,IMSS Bienestar (antes Prospera).
,9,Consultorios dependientes de farmacias.
,10,"Consultorio, clínica u hospital privado."
,11,Escuela.
,12,Otro lugar (especifica).
,99,No sabe / No recuerda.
a09234a,1,Sí.
,2,NO.
a09234c,1,Seguro Social (IMSS).
,2,ISSSTE.
,3,ISSSTE Estatal.
,4,Pemex.
,5,Defensa.
,6,Marina.
,7,Centro de Salud u Hospital de la SSA.
,8,IMSS Bienestar (antes Prospera).
,9,Consultorios dependientes de farmacias.
,10,"Consultorio, clínica u hospital privado."
,11,Escuela.
,12,Otro lugar (especifica).
,99,No sabe / No recuerda.
a09241a,1,Sí.
,2,NO.
a09241c,1,Seguro Social (IMSS).
,2,ISSSTE.
,3,ISSSTE Estatal.
,4,Pemex.
,5,Defensa.
,6,Marina.
,7,Centro de Salud u Hospital de la SSA.
,8,IMSS Bienestar (antes Prospera).
,9,Consultorios dependientes de farmacias.
,10,"Consultorio, clínica u hospital privado."
,11,Escuela.
,12,Otro lugar (especifica).
,99,No sabe / No recuerda.
o_vac11,1,Sí
,2,No
a09251a,1,Sí.
,2,NO.
a09251c,1,Seguro Social (IMSS).
,2,ISSSTE.
,3,ISSSTE Estatal.
,4,Pemex.
,5,Defensa.
,6,Marina.
,7,Centro de Salud u Hospital de la SSA.
,8,IMSS Bienestar (antes Prospera).
,9,Consultorios dependientes de farmacias.
,10,"Consultorio, clínica u hospital privado."
,11,Escuela.
,12,Otro lugar (especifica).
,99,No sabe / No recuerda.
o_vac12,1,Sí
,2,No
a09252a,1,Sí.
,2,NO.
a09252c,1,Seguro Social (IMSS).
,2,ISSSTE.
,3,ISSSTE Estatal.
,4,Pemex.
,5,Defensa.
,6,Marina.
,7,Centro de Salud u Hospital de la SSA.
,8,IMSS Bienestar (antes Prospera).
,9,Consultorios dependientes de farmacias.
,10,"Consultorio, clínica u hospital privado."
,11,Escuela.
,12,Otro lugar (especifica).
,99,No sabe / No recuerda.
o_vac13,1,Sí
,2,No
a09253a,1,Sí.
,2,NO.
a09253c,1,Seguro Social (IMSS).
,2,ISSSTE.
,3,ISSSTE Estatal.
,4,Pemex.
,5,Defensa.
,6,Marina.
,7,Centro de Salud u Hospital de la SSA.
,8,IMSS Bienestar (antes Prospera).
,9,Consultorios dependientes de farmacias.
,10,"Consultorio, clínica u hospital privado."
,11,Escuela.
,12,Otro lugar (especifica).
,99,No sabe / No recuerda.
nota001,1,Favor de continuar
a1001a,1,Sí
,2,No
a1002a,1,IMSS Prospera
,2,IMSS
,3,Secretaria de Salud
,4,Seguro Popular (SSA)
,5,"DIF, Cruz Roja, INI"
,6,"ISSSTE, ISSSTE Estatal"
,7,"Marina, Defensa, Pemex"
,8,"Consultorio, clinica u hospital privado"
,9,Hospital Civil
,10,Instituciones nacionales
,11,Consultorios dependientes de farmacias
,12,Otra institución
,99,Nos sabe
a1003a,1,Sí
,2,No
a1004a,1,Sí
,2,No
a1005a,1,Positivo
,2,Bien o Negativo
,8,No responde
,9,No sabe
a1006a,1,Sí
,2,No
a1007a,1,No hay dónde atenderse
,2,Es caro
,3,No tenía dinero
,4,La unidad médica le queda lejos
,5,Falta de confianza
,6,Tratan mal
,7,No tuvo tiempo
,8,"Fue, pero no lo(a) atendieron"
,9,Otra (especifique)
,99,No sabe
a1001b,1,Sí
,2,No
a1002b,1,IMSS Prospera
,2,IMSS
,3,Secretaria de Salud
,4,Seguro Popular (SSA)
,5,"DIF, Cruz Roja, INI"
,6,"ISSSTE, ISSSTE Estatal"
,7,"Marina, Defensa, Pemex"
,8,"Consultorio, clinica u hospital privado"
,9,Hospital Civil
,10,Instituciones nacionales
,11,Consultorios dependientes de farmacias
,12,Otra institución
,99,Nos sabe
a1003b,1,Sí
,2,No
a1004b,1,Sí
,2,No
a1005b,1,Positivo
,2,Bien o Negativo
,8,No responde
,9,No sabe
a1006b,1,Sí
,2,No
a1007b,1,No hay dónde atenderse
,2,Es caro
,3,No tenía dinero
,4,La unidad médica le queda lejos
,5,Falta de confianza
,6,Tratan mal
,7,No tuvo tiempo
,8,"Fue, pero no lo(a) atendieron"
,9,Otra (especifique)
,99,No sabe
a1001c,1,Sí
,2,No
a1002c,1,IMSS Prospera
,2,IMSS
,3,Secretaria de Salud
,4,Seguro Popular (SSA)
,5,"DIF, Cruz Roja, INI"
,6,"ISSSTE, ISSSTE Estatal"
,7,"Marina, Defensa, Pemex"
,8,"Consultorio, clinica u hospital privado"
,9,Hospital Civil
,10,Instituciones nacionales
,11,Consultorios dependientes de farmacias
,12,Otra institución
,99,Nos sabe
a1003c,1,Sí
,2,No
a1004c,1,Sí
,2,No
a1005c,1,Positivo
,2,Bien o Negativo
,8,No responde
,9,No sabe
a1006c,1,Sí
,2,No
a1007c,1,No hay dónde atenderse
,2,Es caro
,3,No tenía dinero
,4,La unidad médica le queda lejos
,5,Falta de confianza
,6,Tratan mal
,7,No tuvo tiempo
,8,"Fue, pero no lo(a) atendieron"
,9,Otra (especifique)
,99,No sabe
a1001d,1,Sí
,2,No
a1002d,1,IMSS Prospera
,2,IMSS
,3,Secretaria de Salud
,4,Seguro Popular (SSA)
,5,"DIF, Cruz Roja, INI"
,6,"ISSSTE, ISSSTE Estatal"
,7,"Marina, Defensa, Pemex"
,8,"Consultorio, clinica u hospital privado"
,9,Hospital Civil
,10,Instituciones nacionales
,11,Consultorios dependientes de farmacias
,12,Otra institución
,99,Nos sabe
a1003d,1,Sí
,2,No
a1004d,1,Sí
,2,No
a1005d,1,Positivo
,2,Bien o Negativo
,8,No responde
,9,No sabe
a1006d,1,Sí
,2,No
a1007d,1,No hay dónde atenderse
,2,Es caro
,3,No tenía dinero
,4,La unidad médica le queda lejos
,5,Falta de confianza
,6,Tratan mal
,7,No tuvo tiempo
,8,"Fue, pero no lo(a) atendieron"
,9,Otra (especifique)
,99,No sabe
a1001e,1,Sí
,2,No
a1002e,1,IMSS Prospera
,2,IMSS
,3,Secretaria de Salud
,4,Seguro Popular (SSA)
,5,"DIF, Cruz Roja, INI"
,6,"ISSSTE, ISSSTE Estatal"
,7,"Marina, Defensa, Pemex"
,8,"Consultorio, clinica u hospital privado"
,9,Hospital Civil
,10,Instituciones nacionales
,11,Consultorios dependientes de farmacias
,12,Otra institución
,99,Nos sabe
a1003e,1,Sí
,2,No
a1004e,1,Sí
,2,No
a1005e,1,Positivo
,2,Bien o Negativo
,8,No responde
,9,No sabe
a1006e,1,Sí
,2,No
a1007e,1,No hay dónde atenderse
,2,Es caro
,3,No tenía dinero
,4,La unidad médica le queda lejos
,5,Falta de confianza
,6,Tratan mal
,7,No tuvo tiempo
,8,"Fue, pero no lo(a) atendieron"
,9,Otra (especifique)
,99,No sabe
a1001f,1,Sí
,2,No
a1002f,1,IMSS Prospera
,2,IMSS
,3,Secretaria de Salud
,4,Seguro Popular (SSA)
,5,"DIF, Cruz Roja, INI"
,6,"ISSSTE, ISSSTE Estatal"
,7,"Marina, Defensa, Pemex"
,8,"Consultorio, clinica u hospital privado"
,9,Hospital Civil
,10,Instituciones nacionales
,11,Consultorios dependientes de farmacias
,12,Otra institución
,99,Nos sabe
a1003f,1,Sí
,2,No
a1004f,1,Sí
,2,No
a1005f,1,Positivo
,2,Bien o Negativo
,8,No responde
,9,No sabe
a1006f,1,Sí
,2,No
a1007f,1,No hay dónde atenderse
,2,Es caro
,3,No tenía dinero
,4,La unidad médica le queda lejos
,5,Falta de confianza
,6,Tratan mal
,7,No tuvo tiempo
,8,"Fue, pero no lo(a) atendieron"
,9,Otra (especifique)
,99,No sabe
a1001g,1,Sí
,2,No
a1002g,1,IMSS Prospera
,2,IMSS
,3,Secretaria de Salud
,4,Seguro Popular (SSA)
,5,"DIF, Cruz Roja, INI"
,6,"ISSSTE, ISSSTE Estatal"
,7,"Marina, Defensa, Pemex"
,8,"Consultorio, clinica u hospital privado"
,9,Hospital Civil
,10,Instituciones nacionales
,11,Consultorios dependientes de farmacias
,12,Otra institución
,99,Nos sabe
a1003g,1,Sí
,2,No
a1004g,1,Sí
,2,No
a1005g,1,Positivo
,2,Bien o Negativo
,8,No responde
,9,No sabe
a1006g,1,Sí
,2,No
a1007g,1,No hay dónde atenderse
,2,Es caro
,3,No tenía dinero
,4,La unidad médica le queda lejos
,5,Falta de confianza
,6,Tratan mal
,7,No tuvo tiempo
,8,"Fue, pero no lo(a) atendieron"
,9,Otra (especifique)
,99,No sabe
a1001h,1,Sí
,2,No
a1002h,1,IMSS Prospera
,2,IMSS
,3,Secretaria de Salud
,4,Seguro Popular (SSA)
,5,"DIF, Cruz Roja, INI"
,6,"ISSSTE, ISSSTE Estatal"
,7,"Marina, Defensa, Pemex"
,8,"Consultorio, clinica u hospital privado"
,9,Hospital Civil
,10,Instituciones nacionales
,11,Consultorios dependientes de farmacias
,12,Otra institución
,99,Nos sabe
a1003h,1,Sí
,2,No
a1004h,1,Sí
,2,No
a1005h,1,Positivo
,2,Bien o Negativo
,8,No responde
,9,No sabe
a1006h,1,Sí
,2,No
a1007h,1,No hay dónde atenderse
,2,Es caro
,3,No tenía dinero
,4,La unidad médica le queda lejos
,5,Falta de confianza
,6,Tratan mal
,7,No tuvo tiempo
,8,"Fue, pero no lo(a) atendieron"
,9,Otra (especifique)
,99,No sabe
a1001i,1,Sí
,2,No
a1002i,1,IMSS Prospera
,2,IMSS
,3,Secretaria de Salud
,4,Seguro Popular (SSA)
,5,"DIF, Cruz Roja, INI"
,6,"ISSSTE, ISSSTE Estatal"
,7,"Marina, Defensa, Pemex"
,8,"Consultorio, clinica u hospital privado"
,9,Hospital Civil
,10,Instituciones nacionales
,11,Consultorios dependientes de farmacias
,12,Otra institución
,99,Nos sabe
a1003i,1,Sí
,2,No
a1004i,1,Sí
,2,No
a1005i,1,Positivo
,2,Bien o Negativo
,8,No responde
,9,No sabe
a1006i,1,Sí
,2,No
a1007i,1,No hay dónde atenderse
,2,Es caro
,3,No tenía dinero
,4,La unidad médica le queda lejos
,5,Falta de confianza
,6,Tratan mal
,7,No tuvo tiempo
,8,"Fue, pero no lo(a) atendieron"
,9,Otra (especifique)
,99,No sabe
a1001j,1,Sí
,2,No
a1002j,1,IMSS Prospera
,2,IMSS
,3,Secretaria de Salud
,4,Seguro Popular (SSA)
,5,"DIF, Cruz Roja, INI"
,6,"ISSSTE, ISSSTE Estatal"
,7,"Marina, Defensa, Pemex"
,8,"Consultorio, clinica u hospital privado"
,9,Hospital Civil
,10,Instituciones nacionales
,11,Consultorios dependientes de farmacias
,12,Otra institución
,99,Nos sabe
a1003j,1,Sí
,2,No
a1004j,1,Sí
,2,No
a1005j,1,Positivo
,2,Bien o Negativo
,8,No responde
,9,No sabe
a1006j,1,Sí
,2,No
a1007j,1,No hay dónde atenderse
,2,Es caro
,3,No tenía dinero
,4,La unidad médica le queda lejos
,5,Falta de confianza
,6,Tratan mal
,7,No tuvo tiempo
,8,"Fue, pero no lo(a) atendieron"
,9,Otra (especifique)
,99,No sabe
a1001k,1,Sí
,2,No
a1002k,1,IMSS Prospera
,2,IMSS
,3,Secretaria de Salud
,4,Seguro Popular (SSA)
,5,"DIF, Cruz Roja, INI"
,6,"ISSSTE, ISSSTE Estatal"
,7,"Marina, Defensa, Pemex"
,8,"Consultorio, clinica u hospital privado"
,9,Hospital Civil
,10,Instituciones nacionales
,11,Consultorios dependientes de farmacias
,12,Otra institución
,99,Nos sabe
a1003k,1,Sí
,2,No
a1004k,1,Sí
,2,No
a1005k,1,Positivo
,2,Bien o Negativo
,8,No responde
,9,No sabe
a1006k,1,Sí
,2,No
a1007k,1,No hay dónde atenderse
,2,Es caro
,3,No tenía dinero
,4,La unidad médica le queda lejos
,5,Falta de confianza
,6,Tratan mal
,7,No tuvo tiempo
,8,"Fue, pero no lo(a) atendieron"
,9,Otra (especifique)
,99,No sabe
nota002,1,Favor de continuar
a1101,1,Sí
,2,No
,8,No responde
,9,No sabe
a1102,1,Choque entre vehiculos de 4 o más ruedas
,2,Choque en motocicleta
,3,Choque atropellamiento como ciclista
,4,Atropellado como peatón
,5,"Otros accidentes de transporte: avión, tren, lancha"
,6,Caída a nivel de piso
,7,"Golpe con objeto, equipo o maquinaria"
,8,"Caída de un nivel a otro: silla, escalera, etc"
,9,"Golpe, rasguño o mordida de persona o animal (caballo, perro"
,10,"Exposición a corriente eléctrica, radiación"
,11,Exposición a humo o fuego
,12,Contacto con superficies o sustancias calientes (quemaduras)
,13,"Exposición a fuerzas de la naturaleza: rayo, granizo"
,14,Picadura de animal ponzoñoso o contacto con plantas venenosa
,15,"Envenenamiento accidental: alimentos, medicamentos"
,16,"Sumersión en depósitos de agua: alberca, cisterna"
,17,Otros accidentes que obstruyen la respiración: objeto extrañ
,18,Exposición accidental a otros factores
,99,NS/NR
a1103,1,Sí
,2,No
a1104,1,Sí
,2,No
a1105,1,Hogar
,2,Escuela
,3,Trabajo
,4,Vía pública
,5,Campo
,6,"Antro, bar"
,7,Centro recreativo o deportivo
,8,Establecimiento comercial
,77,Otro (especifique)
,99,NS/NR
a1106a,1,Contusión
,2,Moretón
,3,Esguince o torcedura
,4,Luxación
,5,Fractura
,6,Herida
,7,Laceración
,8,Lesión de nervios
,9,Amputación
,10,Aplastamiento
,11,Quemadura de primer grado
,12,Quemadura de segundo grado
,13,Quemadura de tercer grado
,14,Heridas múltiples
,15,Daño-afectación de órganos
,16,Otras/no especificadas
,17,Ninguna otra lesión
,99,NS/NR
a1106b,1,Contusión
,2,Moretón
,3,Esguince o torcedura
,4,Luxación
,5,Fractura
,6,Herida
,7,Laceración
,8,Lesión de nervios
,9,Amputación
,10,Aplastamiento
,11,Quemadura de primer grado
,12,Quemadura de segundo grado
,13,Quemadura de tercer grado
,14,Heridas múltiples
,15,Daño-afectación de órganos
,16,Otras/no especificadas
,17,Ninguna otra lesión
,99,NS/NR
a1106c,1,Contusión
,2,Moretón
,3,Esguince o torcedura
,4,Luxación
,5,Fractura
,6,Herida
,7,Laceración
,8,Lesión de nervios
,9,Amputación
,10,Aplastamiento
,11,Quemadura de primer grado
,12,Quemadura de segundo grado
,13,Quemadura de tercer grado
,14,Heridas múltiples
,15,Daño-afectación de órganos
,16,Otras/no especificadas
,17,Ninguna otra lesión
,99,NS/NR
a1106d,1,Contusión
,2,Moretón
,3,Esguince o torcedura
,4,Luxación
,5,Fractura
,6,Herida
,7,Laceración
,8,Lesión de nervios
,9,Amputación
,10,Aplastamiento
,11,Quemadura de primer grado
,12,Quemadura de segundo grado
,13,Quemadura de tercer grado
,14,Heridas múltiples
,15,Daño-afectación de órganos
,16,Otras/no especificadas
,17,Ninguna otra lesión
,99,NS/NR
a1106e,1,Contusión
,2,Moretón
,3,Esguince o torcedura
,4,Luxación
,5,Fractura
,6,Herida
,7,Laceración
,8,Lesión de nervios
,9,Amputación
,10,Aplastamiento
,11,Quemadura de primer grado
,12,Quemadura de segundo grado
,13,Quemadura de tercer grado
,14,Heridas múltiples
,15,Daño-afectación de órganos
,16,Otras/no especificadas
,17,Ninguna otra lesión
,99,NS/NR
a1106f,1,Contusión
,2,Moretón
,3,Esguince o torcedura
,4,Luxación
,5,Fractura
,6,Herida
,7,Laceración
,8,Lesión de nervios
,9,Amputación
,10,Aplastamiento
,11,Quemadura de primer grado
,12,Quemadura de segundo grado
,13,Quemadura de tercer grado
,14,Heridas múltiples
,15,Daño-afectación de órganos
,16,Otras/no especificadas
,17,Ninguna otra lesión
,99,NS/NR
a1106h,1,Contusión
,2,Moretón
,3,Esguince o torcedura
,4,Luxación
,5,Fractura
,6,Herida
,7,Laceración
,8,Lesión de nervios
,9,Amputación
,10,Aplastamiento
,11,Quemadura de primer grado
,12,Quemadura de segundo grado
,13,Quemadura de tercer grado
,14,Heridas múltiples
,15,Daño-afectación de órganos
,16,Otras/no especificadas
,17,Ninguna otra lesión
,99,NS/NR
a1106i,1,Contusión
,2,Moretón
,3,Esguince o torcedura
,4,Luxación
,5,Fractura
,6,Herida
,7,Laceración
,8,Lesión de nervios
,9,Amputación
,10,Aplastamiento
,11,Quemadura de primer grado
,12,Quemadura de segundo grado
,13,Quemadura de tercer grado
,14,Heridas múltiples
,15,Daño-afectación de órganos
,16,Otras/no especificadas
,17,Ninguna otra lesión
,99,NS/NR
a1106j,1,Contusión
,2,Moretón
,3,Esguince o torcedura
,4,Luxación
,5,Fractura
,6,Herida
,7,Laceración
,8,Lesión de nervios
,9,Amputación
,10,Aplastamiento
,11,Quemadura de primer grado
,12,Quemadura de segundo grado
,13,Quemadura de tercer grado
,14,Heridas múltiples
,15,Daño-afectación de órganos
,16,Otras/no especificadas
,17,Ninguna otra lesión
,99,NS/NR
a1106la,1,Sí
,2,No
a1106lc,1,Contusión
,2,Moretón
,3,Esguince o torcedura
,4,Luxación
,5,Fractura
,6,Herdia
,7,Laceración
,8,Lesión de nervios
,9,Amputación
,10,Aplastamiento
,11,Quemadura de primer grado
,12,Quemadura de segundo grado
,13,Quemadura de tercer grado
,14,Heridas múltiples
,15,Daño-afectación de órganos
,16,Otras/no especificadas
,17,Ninguna otra lesión
,99,NS/NR
a1107,1,Instituto Mexicano del Seguro Social (IMSS)
,2,ISSSTE/ISSSTE Estatal
,3,PEMEX
,4,Defensa
,5,Marina
,6,Centro de salud u Hospital de la SSA
,7,IMSS Bienestar (antes Oportunidades)
,8,"DIF federal, estatal o municipal"
,9,Cruz roja/cruz verde
,10,Instituto Nacional de Salud
,11,Organizaciones (ONG/OSC) que dan atención gratuita/Dispensar
,12,Consultorio pertenecientes a farmacias/Farmacias con consult
,13,Consultorio dentro de hospital privado
,14,Área de urgencias/hospitalización dentro de hospital privado
,15,Atención privada en torre de consultorios médicos o en una c
,16,Consultorio en domicilio particular de médico privado
,17,Atención privada en mi domicilio
,18,"Atención privada vía remota (teléfono, mensajes de texto, te"
,19,Médico laboral (médico de la empresa)
,20,"Curandero, hierbero, naturista"
,21,"Homeópata, acupunturista"
,22,Otro (especifique)
,23,No sabe/No recuerda
,24,Ninguna
a1108,1,alcohol?
,2,drogas? (especifique)
,3,ambos?
,8,No estaba bajo efectos de alcohol o drogas
,9,NS/NR
,77,Otro (especifique)
a1109,1,Ningún problema
,2,Limitación o dificultad para moverse o caminar (o lo hace co
,3,Limitación o dificultad para usar sus brazos y manos
,4,Dificultad para oír
,5,Dificultad para hablar
,6,Dificultar para ver o ceguera
,7,Otra limitación física o mental (especifique)
,9,NS/NR
nota003,1,Favor de continuar
nota004,1,Favor de continuar
a1201,1,Sí
,2,No
,9,NS/NR
A1202A,1,Agresiones con substancias
,2,"Sofocación, estrangulamiento, ahogamiento"
,3,Herdia por arma de fuego
,4,"Herida por arma punzocortante (cuchillo, navaja, etc)"
,5,Empujón desde lugar elevado
,6,"Golpes, patadas, puñetazos"
,7,Agresión sexual
,8,Envenenamiento u obstrucción de las vías respiratorias por s
,9,Agresiones verbales
,76,Otras agresiones o maltrato
,77,Otro (especifique)
,99,NS/NR
A1202B,1,Agresiones con substancias
,2,"Sofocación, estrangulamiento, ahogamiento"
,3,Herdia por arma de fuego
,4,"Herida por arma punzocortante (cuchillo, navaja, etc)"
,5,Empujón desde lugar elevado
,6,"Golpes, patadas, puñetazos"
,7,Agresión sexual
,8,Envenenamiento u obstrucción de las vías respiratorias por s
,9,Agresiones verbales
,76,Otras agresiones o maltrato
,77,Otro (especifique)
,99,NS/NR
A1202C,1,Agresiones con substancias
,2,"Sofocación, estrangulamiento, ahogamiento"
,3,Herdia por arma de fuego
,4,"Herida por arma punzocortante (cuchillo, navaja, etc)"
,5,Empujón desde lugar elevado
,6,"Golpes, patadas, puñetazos"
,7,Agresión sexual
,8,Envenenamiento u obstrucción de las vías respiratorias por s
,9,Agresiones verbales
,76,Otras agresiones o maltrato
,77,Otro (especifique)
,99,NS/NR
A1202D,1,Agresiones con substancias
,2,"Sofocación, estrangulamiento, ahogamiento"
,3,Herdia por arma de fuego
,4,"Herida por arma punzocortante (cuchillo, navaja, etc)"
,5,Empujón desde lugar elevado
,6,"Golpes, patadas, puñetazos"
,7,Agresión sexual
,8,Envenenamiento u obstrucción de las vías respiratorias por s
,9,Agresiones verbales
,76,Otras agresiones o maltrato
,77,Otro (especifique)
,99,NS/NR
A1202E1,1,Agresiones con substancias
,2,"Sofocación, estrangulamiento, ahogamiento"
,3,Herdia por arma de fuego
,4,"Herida por arma punzocortante (cuchillo, navaja, etc)"
,5,Empujón desde lugar elevado
,6,"Golpes, patadas, puñetazos"
,7,Agresión sexual
,8,Envenenamiento u obstrucción de las vías respiratorias por s
,9,Agresiones verbales
,76,Otras agresiones o maltrato
,77,Otro (especifique)
,99,NS/NR
A1202F,1,Agresiones con substancias
,2,"Sofocación, estrangulamiento, ahogamiento"
,3,Herdia por arma de fuego
,4,"Herida por arma punzocortante (cuchillo, navaja, etc)"
,5,Empujón desde lugar elevado
,6,"Golpes, patadas, puñetazos"
,7,Agresión sexual
,8,Envenenamiento u obstrucción de las vías respiratorias por s
,9,Agresiones verbales
,76,Otras agresiones o maltrato
,77,Otro (especifique)
,99,NS/NR
A1202G,1,Agresiones con substancias
,2,"Sofocación, estrangulamiento, ahogamiento"
,3,Herdia por arma de fuego
,4,"Herida por arma punzocortante (cuchillo, navaja, etc)"
,5,Empujón desde lugar elevado
,6,"Golpes, patadas, puñetazos"
,7,Agresión sexual
,8,Envenenamiento u obstrucción de las vías respiratorias por s
,9,Agresiones verbales
,76,Otras agresiones o maltrato
,77,Otro (especifique)
,99,NS/NR
A1202H,1,Agresiones con substancias
,2,"Sofocación, estrangulamiento, ahogamiento"
,3,Herdia por arma de fuego
,4,"Herida por arma punzocortante (cuchillo, navaja, etc)"
,5,Empujón desde lugar elevado
,6,"Golpes, patadas, puñetazos"
,7,Agresión sexual
,8,Envenenamiento u obstrucción de las vías respiratorias por s
,9,Agresiones verbales
,76,Otras agresiones o maltrato
,77,Otro (especifique)
,99,NS/NR
A1202I,1,Agresiones con substancias
,2,"Sofocación, estrangulamiento, ahogamiento"
,3,Herdia por arma de fuego
,4,"Herida por arma punzocortante (cuchillo, navaja, etc)"
,5,Empujón desde lugar elevado
,6,"Golpes, patadas, puñetazos"
,7,Agresión sexual
,8,Envenenamiento u obstrucción de las vías respiratorias por s
,9,Agresiones verbales
,76,Otras agresiones o maltrato
,77,Otro (especifique)
,99,NS/NR
A1202J,1,Agresiones con substancias
,2,"Sofocación, estrangulamiento, ahogamiento"
,3,Herdia por arma de fuego
,4,"Herida por arma punzocortante (cuchillo, navaja, etc)"
,5,Empujón desde lugar elevado
,6,"Golpes, patadas, puñetazos"
,7,Agresión sexual
,8,Envenenamiento u obstrucción de las vías respiratorias por s
,9,Agresiones verbales
,76,Otras agresiones o maltrato
,77,Otro (especifique)
,99,NS/NR
A1202K,1,Agresiones con substancias
,2,"Sofocación, estrangulamiento, ahogamiento"
,3,Herdia por arma de fuego
,4,"Herida por arma punzocortante (cuchillo, navaja, etc)"
,5,Empujón desde lugar elevado
,6,"Golpes, patadas, puñetazos"
,7,Agresión sexual
,8,Envenenamiento u obstrucción de las vías respiratorias por s
,9,Agresiones verbales
,76,Otras agresiones o maltrato
,77,Otro (especifique)
,99,NS/NR
A1203A,1,Robo o asalto
,2,Incidente de tránsito
,3,Riña con desconocidos
,4,Riña con conocidos
,5,Secuestro
,6,Detención
,10,Violencia familiar
,11,Violencia por novio/pareja/esposo
,12,Intento de suicidio
,77,Otro (especifique)
,99,NS/NR
A1203B,1,Robo o asalto
,2,Incidente de tránsito
,3,Riña con desconocidos
,4,Riña con conocidos
,5,Secuestro
,6,Detención
,10,Violencia familiar
,11,Violencia por novio/pareja/esposo
,12,Intento de suicidio
,77,Otro (especifique)
,99,NS/NR
A1203C,1,Robo o asalto
,2,Incidente de tránsito
,3,Riña con desconocidos
,4,Riña con conocidos
,5,Secuestro
,6,Detención
,10,Violencia familiar
,11,Violencia por novio/pareja/esposo
,12,Intento de suicidio
,77,Otro (especifique)
,99,NS/NR
A1203D,1,Robo o asalto
,2,Incidente de tránsito
,3,Riña con desconocidos
,4,Riña con conocidos
,5,Secuestro
,6,Detención
,10,Violencia familiar
,11,Violencia por novio/pareja/esposo
,12,Intento de suicidio
,77,Otro (especifique)
,99,NS/NR
A1203E1,1,Robo o asalto
,2,Incidente de tránsito
,3,Riña con desconocidos
,4,Riña con conocidos
,5,Secuestro
,6,Detención
,10,Violencia familiar
,11,Violencia por novio/pareja/esposo
,12,Intento de suicidio
,77,Otro (especifique)
,99,NS/NR
A1203F,1,Robo o asalto
,2,Incidente de tránsito
,3,Riña con desconocidos
,4,Riña con conocidos
,5,Secuestro
,6,Detención
,10,Violencia familiar
,11,Violencia por novio/pareja/esposo
,12,Intento de suicidio
,77,Otro (especifique)
,99,NS/NR
A1203G,1,Robo o asalto
,2,Incidente de tránsito
,3,Riña con desconocidos
,4,Riña con conocidos
,5,Secuestro
,6,Detención
,10,Violencia familiar
,11,Violencia por novio/pareja/esposo
,12,Intento de suicidio
,77,Otro (especifique)
,99,NS/NR
A1203H,1,Robo o asalto
,2,Incidente de tránsito
,3,Riña con desconocidos
,4,Riña con conocidos
,5,Secuestro
,6,Detención
,10,Violencia familiar
,11,Violencia por novio/pareja/esposo
,12,Intento de suicidio
,77,Otro (especifique)
,99,NS/NR
A1203I,1,Robo o asalto
,2,Incidente de tránsito
,3,Riña con desconocidos
,4,Riña con conocidos
,5,Secuestro
,6,Detención
,10,Violencia familiar
,11,Violencia por novio/pareja/esposo
,12,Intento de suicidio
,77,Otro (especifique)
,99,NS/NR
A1203J,1,Robo o asalto
,2,Incidente de tránsito
,3,Riña con desconocidos
,4,Riña con conocidos
,5,Secuestro
,6,Detención
,10,Violencia familiar
,11,Violencia por novio/pareja/esposo
,12,Intento de suicidio
,77,Otro (especifique)
,99,NS/NR
a1204,1,Hogar
,2,Escuela
,3,Trabajo
,4,Transporte público
,5,Vía pública
,6,Campo
,7,Centro recreativo o deportivo
,8,"Antro, bar"
,9,Establecimiento comercial
,77,Otro (especifique)
,99,NS/NR
a1205,1,Sí
,2,No
,9,NS/NR
a1206,1,Instituto Mexicano del Seguro Social (IMSS)
,2,ISSSTE/ISSSTE Estatal
,3,PEMEX
,4,Defensa
,5,Marina
,6,Centro de salud u Hospital de la SSA
,7,IMSS Bienestar (antes Oportunidades)
,8,"DIF federal, estatal o municipal"
,9,Cruz roja/cruz verde
,10,Instituto Nacional de Salud
,11,Organizaciones (ONG/OSC) que dan atención gratuita/Dispensar
,12,Consultorio pertenecientes a farmacias/Farmacias con consult
,13,Consultorio dentro de hospital privado
,14,Área de urgencias/hospitalización dentro de hospital privado
,15,Atención privada en torre de consultorios médicos o en una c
,16,Consultorio en domicilio particular de médico privado
,17,Atención privada en mi domicilio
,18,"Atención privada vía remota (teléfono, mensajes de texto, te"
,19,Médico laboral (médico de la empresa)
,20,"Curandero, hierbero, naturista"
,21,"Homeópata, acupunturista"
,22,Otro (especifique)
,23,No sabe/No recuerda
,24,Ninguna
a1207,1,alcohol?
,2,drogas?
,3,ambos?
,7,Otro (especifique)
,8,No estaba bajo efectos de alcohol o drogas
,9,NS/NR
a1208,1,Ningún problema
,2,Limitación o dificultad para moverse o caminar (o lo hace co
,3,Limitación o dificultad para usar sus brazos y manos
,4,Dificultad para oír
,5,Dificultad para hablar
,6,Dificultar para ver o ceguera
,7,Otra limitación física o mental (especifique)
,9,NS/NR
a1209,1,Pareja
,2,Familiar
,3,Amigo(a)
,4,Novio(a)
,5,Vecino(a) u otro(a) conocido(a)
,6,Desconocido(a)
,7,Policia
,9,No responde
a1210,1,"Sí, antes de los 12"
,2,"Sí, cuando tenía 12 o más años"
,3,"No, nunca"
,8,No recuerda
,9,No responde
a1211,1,Sí
,2,No
,9,No responde
a1212,1,Siempre o muy frecuentemente
,2,Casi siempre
,3,Algunas veces
,4,Rara vez
,9,No responde
a1213,1,"Sí, una vez"
,2,"Sí, 2 o más veces"
,3,Nunca
a1214,1,Sí
,2,No
,9,No responde
nota005,1,Favor de continuar
nota006,1,Favor de continuar
a1301,1,todos los días?
,2,algunos días?
,3,no fuma actualmente?
,9,No responde
a1305,1,todos los días?
,2,algunos días?
,3,nunca ha fumado?
,9,No responde
a1306p,1,Años
,2,Meses
,3,Semanas
,4,Días
,5,Menos de un día
,9,No responde
a1307,1,todos los días?
,2,algunos días?
,3,Actuamente no consume
,4,No conoce el cigarro electrónico
,9,No responde
a1308,1,Diaria
,2,Semanal
,3,Mensual
,4,Anual
,5,No ha consumido en los últimos 12 meses
,6,Nunca ha consumido
,9,No responde
a1309,1,Diario
,2,Semanal
,3,Mensual
,4,7 a 11 veces al año
,5,1 a 6 veces al año
,6,No en los últimos 12 meses
,9,No responde
a1310,1,Diario
,2,Semanal
,3,Mensual
,4,7 a 11 veces al año
,5,1 a 6 veces al año
,6,No en los últimos 12 meses
,9,No responde
a1311,1,Sí
,2,No
,9,No responde
a1312,1,Sí
,2,No
,9,No responde
nota007,1,Favor de continuar
a1401,1,Sí
,2,No
a1402,1,Sí
,2,No
nota008,1,Favor de continuar
a1403a,1,Ninguna dificultad
,2,Cierta dificultad
,3,Mucha dificultad
,4,Le resulta imposible ver
a1403b,1,Ninguna dificultad
,2,Cierta dificultad
,3,Mucha dificultad
,4,Le resulta imposible ver
a1404a,1,Ninguna dificultad
,2,Cierta dificultad
,3,Mucha dificultad
,4,Le resulta imposible oír
a1404b,1,Ninguna dificultad
,2,Cierta dificultad
,3,Mucha dificultad
,4,Le resulta imposible oír
a1405,1,Ninguna dificultad
,2,Cierta dificultad
,3,Mucha dificultad
,4,Le resulta imposible caminar o subir escalones
a1406,1,Ninguna dificultad
,2,Cierta dificultad
,3,Mucha dificultad
,4,Le resulta imposible recordar o concentrarse
a1407,1,Ninguna dificultad
,2,Cierta dificultad
,3,Mucha dificultad
,4,Le resulta imposible encargarse de su autocuidado
a1408,1,Ninguna dificultad
,2,Cierta dificultad
,3,Mucha dificultad
a1411,1,Sí
,2,No
,88,No responde
,99,No sabe
a1414,1,Sí
,2,No
,88,No responde
,99,No sabe
nota009,1,Favor de continuar
a1501,1,Siempre
,2,A veces
,9,Nunca
a1502,1,Siempre
,2,A veces
,9,Nunca
a1503,1,Siempre
,2,A veces
,9,Nunca
A1504A,1,No la utilizo
,2,WhatsApp
,3,Facebook
,4,Twitter
,5,YouTube
,6,Chat
,7,Otra (especifique)
A1504B,1,No la utilizo
,2,WhatsApp
,3,Facebook
,4,Twitter
,5,YouTube
,6,Chat
,7,Otra (especifique)
A1504C,1,No la utilizo
,2,WhatsApp
,3,Facebook
,4,Twitter
,5,YouTube
,6,Chat
,7,Otra (especifique)
A1504D,1,No la utilizo
,2,WhatsApp
,3,Facebook
,4,Twitter
,5,YouTube
,6,Chat
,7,Otra (especifique)
A1504E1,1,No la utilizo
,2,WhatsApp
,3,Facebook
,4,Twitter
,5,YouTube
,6,Chat
,7,Otra (especifique)
A1504F,1,No la utilizo
,2,WhatsApp
,3,Facebook
,4,Twitter
,5,YouTube
,6,Chat
,7,Otra (especifique)
A1504G,1,No la utilizo
,2,WhatsApp
,3,Facebook
,4,Twitter
,5,YouTube
,6,Chat
,7,Otra (especifique)
nota010,1,Favor de continuar
a1505,1,Ninguno
,2,1
,3,2
,4,3 ó 4
,5,5 a 8
,6,9 ó más
a1506,1,Ninguno
,2,1
,3,2
,4,3 ó 4
,5,5 a 8
,6,9 ó más
a1507,1,Ninguno
,2,1
,3,2
,4,3 ó 4
,5,5 a 8
,6,9 ó más
nota011,1,Favor de continuar
a1508,1,Ninguno
,2,1
,3,2
,4,3 ó 4
,5,5 a 8
,6,9 ó más
a1509,1,Ninguno
,2,1
,3,2
,4,3 ó 4
,5,5 a 8
,6,9 ó más
a1510,1,Ninguno
,2,1
,3,2
,4,3 ó 4
,5,5 a 8
,6,9 ó más
nota012,1,Favor de continuar
a1511,1,Ninguno
,2,1 vez
,3,2 veces
,4,3 veces
,5,4 veces
,6,5 veces
,7,6 veces
,8,7 veces ó más
a1512,1,Ninguno
,2,1 vez
,3,2 veces
,4,3 veces
,5,4 veces
,6,5 veces
,7,6 veces
,8,7 veces ó más
a1513,1,Ninguno
,2,1 vez
,3,2 veces
,4,3 veces
,5,4 veces
,6,5 veces
,7,6 veces
,8,7 veces ó más
nota013,1,Favor de continuar
a1514,1,Casi nunca (o nunca)
,2,Algunas veces
,3,Frecuentemente
a1515,1,Casi nunca (o nunca)
,2,Algunas veces
,3,Frecuentemente
a1516,1,Casi nunca (o nunca)
,2,Algunas veces
,3,Frecuentemente
completa,1,Favor de continuar (Entrevista Completa)
,2,Se nego a dar Información/ENTREVISTA INCOMPLETA
,3,INFORMANTE INADECUADO
,4,ENTREVISTA APLAZADA (HACER CITA)
,5,AUSENTE DE PERSONAS EN EL MOMENTO DE LA VISITA
,6,SE NEGO A DAR INFORMACIÓN
,7,VIVIENDA DESHABITADA
,8,VIVIENDA DE USO TEMPORAL
,9,HABLA ALGUNA LENGUA EXTRANGERA
,10,OTRO
,99,ADULTO QUE SE CONVIERTE EN ADOLESCENTE
estrato,1.00,Rural  ( <2500 Hab )
,2.00,"Urbano ( 2500-99,999 Hab)"
,3.00,Metropolitano (100mil y + Hab)
x_region,1.00,Pacifico-Norte
,2.00,Frontera
,3.00,Pacífico-Centro
,4.00,Guanajuato
,5.00,Resto Centro Norte
,6.00,Centro
,7.00,Cd. México
,8.00,Edo. México
,9.00,Pacífico Sur
,10.00,Península
